aDPS,rDPS,nDPS,Class
7991.78879,7463.541477,7463.541477,GNB
7948.378027,7462.864157,7462.864157,GNB
8343.96128,7453.170321,7453.170321,DRK
8456.546078,7434.084023,7434.084023,DRK
7679.337059,7409.112289,7409.112289,PLD
7829.248473,7408.948363,7408.948363,GNB
7876.317244,7384.919937,7384.919937,GNB
8236.217632,7383.761966,7383.761966,DRK
8152.492353,7383.72902,7383.72902,DRK
7666.818596,7377.347468,7377.347468,GNB
7935.710961,7363.030528,7363.030528,GNB
7663.376115,7360.016927,7360.016927,GNB
7682.19819,7359.099719,7359.099719,PLD
7630.070309,7344.505968,7344.505968,GNB
7799.966872,7341.102154,7341.102154,GNB
7530.681723,7339.662395,7339.662395,PLD
7895.474846,7337.938163,7337.938163,GNB
7567.76312,7335.36268,7335.36268,PLD
7990.619787,7332.241985,7332.241985,DRK
7642.701779,7332.048559,7332.048559,GNB
7594.661226,7331.595122,7331.595122,GNB
8062.715438,7326.656567,7326.656567,GNB
7562.166855,7323.47589,7323.47589,PLD
7691.298743,7319.369719,7319.369719,GNB
7884.282341,7318.392034,7318.392034,GNB
7904.931187,7315.610027,7315.610027,DRK
7531.711143,7312.139012,7312.139012,GNB
7760.095952,7301.82332,7301.82332,PLD
7884.012071,7277.327149,7277.327149,GNB
7461.222843,7276.488094,7276.488094,PLD
8310.983676,7272.593168,7272.593168,DRK
8080.77992,7272.504915,7272.504915,DRK
7744.235205,7271.089227,7271.089227,GNB
7595.430679,7262.41876,7262.41876,PLD
7640.782131,7261.772028,7261.772028,GNB
7525.56499,7261.184057,7261.184057,PLD
7967.902204,7258.094391,7258.094391,DRK
7637.20703,7250.942846,7250.942846,DRK
7422.484347,7249.672011,7249.672011,PLD
7576.697744,7248.693086,7248.693086,PLD
7504.086603,7247.295135,7247.295135,PLD
7725.422519,7247.237329,7247.237329,PLD
7651.002271,7246.682988,7246.682988,GNB
7597.296769,7244.506263,7244.506263,PLD
7479.048311,7242.610675,7242.610675,PLD
7634.420947,7240.984207,7240.984207,GNB
7529.27316,7235.460272,7235.460272,DRK
7411.330644,7235.194323,7235.194323,PLD
7416.968264,7232.003223,7232.003223,PLD
7660.04181,7231.683974,7231.683974,GNB
7470.911405,7230.948555,7230.948555,PLD
7627.469775,7230.812073,7230.812073,GNB
7947.832055,7230.012206,7230.012206,GNB
7640.961592,7225.653439,7225.653439,DRK
7877.046907,7223.769195,7223.769195,DRK
7877.100097,7219.014464,7219.014464,GNB
7739.283753,7218.686183,7218.686183,DRK
8048.809014,7217.277713,7217.277713,GNB
7497.246904,7217.253179,7217.253179,PLD
7577.254628,7213.902349,7213.902349,PLD
7600.216594,7212.810565,7212.810565,GNB
7573.425738,7210.478109,7210.478109,PLD
8161.746038,7210.435475,7210.435475,DRK
7585.75236,7209.980638,7209.980638,PLD
7414.619507,7209.030828,7209.030828,PLD
7703.767273,7208.763053,7208.763053,GNB
7577.345642,7208.308031,7208.308031,GNB
7516.433235,7205.881055,7205.881055,PLD
7873.571209,7204.177666,7204.177666,DRK
7743.598477,7203.213121,7203.213121,GNB
7939.388104,7201.937024,7201.937024,DRK
7675.013822,7201.688154,7201.688154,GNB
8268.528296,7200.873898,7200.873898,DRK
7525.48486,7199.762654,7199.762654,PLD
7722.071055,7197.430518,7197.430518,DRK
7870.690335,7196.819087,7196.819087,DRK
7706.370229,7196.600511,7196.600511,GNB
7705.717049,7195.887084,7195.887084,DRK
7948.465018,7194.645954,7194.645954,GNB
7932.782537,7194.264177,7194.264177,GNB
7546.681345,7187.637353,7187.637353,PLD
7450.028791,7186.529671,7186.529671,PLD
7530.157933,7185.976869,7185.976869,GNB
7612.085255,7185.821271,7185.821271,DRK
7663.6319,7182.384456,7182.384456,DRK
7811.892347,7181.352101,7181.352101,GNB
7867.918405,7181.345913,7181.345913,DRK
7369.655255,7181.259575,7181.259575,GNB
7930.244745,7179.971603,7179.971603,GNB
7475.480141,7178.184232,7178.184232,PLD
7837.684346,7177.168998,7177.168998,DRK
7349.869281,7175.605808,7175.605808,PLD
7861.185775,7174.815779,7174.815779,DRK
7420.659129,7174.779236,7174.779236,GNB
7594.049257,7174.507544,7174.507544,GNB
8115.679747,7174.305626,7174.305626,DRK
8007.805352,7172.242543,7172.242543,DRK
7708.449137,7172.138469,7172.138469,GNB
7724.37071,7170.787722,7170.787722,WAR
7469.428116,7166.233827,7166.233827,PLD
7721.925794,7164.588577,7164.588577,DRK
7564.662072,7162.918986,7162.918986,GNB
7552.328366,7162.858116,7162.858116,GNB
8013.466914,7160.774808,7160.774808,DRK
7476.355041,7159.712068,7159.712068,WAR
7688.171315,7159.51045,7159.51045,DRK
7774.850467,7157.665202,7157.665202,GNB
7449.393978,7155.659734,7155.659734,PLD
7916.996378,7154.257794,7154.257794,DRK
7311.25622,7154.195902,7154.195902,WAR
7587.352153,7151.463438,7151.463438,GNB
7435.355185,7151.366917,7151.366917,PLD
7761.118611,7151.079372,7151.079372,GNB
7460.068518,7148.752101,7148.752101,GNB
7490.845794,7148.69107,7148.69107,DRK
7831.578282,7147.95624,7147.95624,DRK
7828.972558,7147.459309,7147.459309,DRK
7580.322434,7146.120636,7146.120636,DRK
7729.439833,7146.115969,7146.115969,DRK
7500.065178,7145.961891,7145.961891,GNB
7597.449135,7145.633549,7145.633549,DRK
7816.638342,7144.559418,7144.559418,DRK
7627.931934,7143.129572,7143.129572,GNB
7627.802457,7140.355268,7140.355268,GNB
8106.191061,7140.216529,7140.216529,DRK
7365.351447,7139.975047,7139.975047,PLD
7561.840341,7137.966433,7137.966433,PLD
7451.762651,7137.549113,7137.549113,PLD
7557.778389,7137.033611,7137.033611,GNB
7705.205205,7134.269539,7134.269539,DRK
7438.494081,7134.122211,7134.122211,GNB
7511.570697,7132.803973,7132.803973,GNB
7499.266725,7132.458526,7132.458526,PLD
7479.159768,7131.688069,7131.688069,GNB
7627.185658,7131.552954,7131.552954,GNB
7580.599896,7129.395251,7129.395251,PLD
7647.363788,7126.903983,7126.903983,DRK
7622.12025,7125.873421,7125.873421,DRK
7545.826907,7125.147623,7125.147623,DRK
7438.164338,7123.934181,7123.934181,PLD
7376.792446,7123.168715,7123.168715,PLD
7311.688141,7122.288966,7122.288966,PLD
7538.952105,7121.434467,7121.434467,GNB
7872.923214,7121.017907,7121.017907,DRK
7432.320258,7120.621802,7120.621802,GNB
7405.192772,7120.60937,7120.60937,PLD
7548.662225,7120.177155,7120.177155,GNB
7379.623895,7118.992987,7118.992987,PLD
7503.543621,7118.5431,7118.5431,GNB
7451.503324,7118.363327,7118.363327,GNB
7604.637473,7118.334577,7118.334577,PLD
7605.90593,7115.389264,7115.389264,GNB
7838.841754,7115.257045,7115.257045,DRK
7545.592128,7114.522898,7114.522898,DRK
7301.438711,7113.524244,7113.524244,PLD
7781.653015,7112.4911,7112.4911,DRK
7262.333681,7110.940056,7110.940056,GNB
7500.263239,7110.784597,7110.784597,DRK
7812.749313,7110.374247,7110.374247,GNB
7580.720314,7109.928841,7109.928841,GNB
7713.689831,7108.91225,7108.91225,DRK
7457.332422,7108.635874,7108.635874,GNB
7746.444354,7107.998264,7107.998264,DRK
7604.214268,7106.762035,7106.762035,GNB
7477.90779,7105.455657,7105.455657,GNB
7757.076701,7104.932545,7104.932545,GNB
7596.507033,7104.171731,7104.171731,DRK
7629.290403,7104.137953,7104.137953,DRK
7522.915922,7104.057493,7104.057493,GNB
7444.165952,7103.95825,7103.95825,PLD
7886.783204,7103.765701,7103.765701,DRK
7771.340189,7100.713859,7100.713859,DRK
7329.941734,7100.165789,7100.165789,PLD
7441.903404,7099.657993,7099.657993,PLD
7292.184021,7099.362596,7099.362596,PLD
7569.268246,7099.008738,7099.008738,PLD
7709.505042,7099.004993,7099.004993,GNB
7731.958968,7097.578245,7097.578245,GNB
7445.961714,7094.497605,7094.497605,DRK
7381.320156,7093.909533,7093.909533,PLD
7344.143616,7093.166134,7093.166134,PLD
7559.171185,7092.479244,7092.479244,WAR
7552.145542,7092.461632,7092.461632,PLD
7328.635718,7092.363186,7092.363186,PLD
7408.564951,7092.342616,7092.342616,GNB
7621.090358,7091.823471,7091.823471,WAR
7567.183806,7091.634155,7091.634155,GNB
7316.853785,7091.003406,7091.003406,PLD
8036.659734,7090.659319,7090.659319,DRK
7350.379271,7090.607027,7090.607027,GNB
7803.484684,7090.581896,7090.581896,DRK
7341.124076,7089.861267,7089.861267,PLD
7429.328944,7089.199958,7089.199958,DRK
7848.054235,7089.066455,7089.066455,GNB
7308.897363,7088.764989,7088.764989,GNB
7249.318207,7088.483649,7088.483649,PLD
7493.041501,7087.047005,7087.047005,GNB
7627.304711,7086.589294,7086.589294,GNB
7430.808609,7086.588031,7086.588031,PLD
7458.762065,7084.822491,7084.822491,GNB
7527.831638,7083.940165,7083.940165,DRK
7521.091089,7083.286041,7083.286041,GNB
7409.878411,7082.22217,7082.22217,PLD
7474.758978,7081.320407,7081.320407,DRK
7529.833433,7080.211296,7080.211296,GNB
7520.120032,7078.912924,7078.912924,GNB
7505.964311,7078.809046,7078.809046,DRK
7572.479487,7077.534302,7077.534302,PLD
7571.035645,7076.939615,7076.939615,GNB
7393.395068,7076.294557,7076.294557,GNB
7911.720594,7075.018349,7075.018349,DRK
7379.058848,7074.112224,7074.112224,PLD
7702.112981,7073.544876,7073.544876,GNB
7381.999418,7073.356903,7073.356903,GNB
7339.178525,7073.325419,7073.325419,PLD
7426.429959,7072.783617,7072.783617,WAR
7533.039213,7072.6513,7072.6513,GNB
7669.060023,7070.600011,7070.600011,GNB
7484.23429,7070.36156,7070.36156,GNB
7535.341769,7068.97135,7068.97135,GNB
7510.827182,7068.247027,7068.247027,DRK
7586.738155,7068.193667,7068.193667,DRK
7690.816343,7067.121136,7067.121136,GNB
7734.290725,7066.629039,7066.629039,GNB
7409.608491,7066.533439,7066.533439,GNB
7562.976642,7066.314646,7066.314646,GNB
7653.106047,7065.911635,7065.911635,DRK
7910.375004,7065.543685,7065.543685,DRK
7404.110798,7063.677358,7063.677358,GNB
7641.721627,7063.625484,7063.625484,DRK
7408.099073,7063.474662,7063.474662,PLD
7634.343822,7062.800173,7062.800173,DRK
7705.794344,7062.489285,7062.489285,DRK
7557.169742,7061.545964,7061.545964,GNB
7419.628319,7060.946214,7060.946214,GNB
7464.93084,7060.839399,7060.839399,GNB
7508.996242,7060.344312,7060.344312,GNB
7578.039122,7059.216897,7059.216897,DRK
7779.633196,7058.349869,7058.349869,WAR
7588.591741,7057.973702,7057.973702,DRK
7298.867641,7057.881296,7057.881296,PLD
7290.815443,7057.294251,7057.294251,GNB
7303.98896,7056.838165,7056.838165,PLD
7505.604893,7054.582488,7054.582488,DRK
7314.050355,7053.093131,7053.093131,WAR
7450.099178,7050.691591,7050.691591,PLD
7414.430491,7050.42147,7050.42147,WAR
7495.227124,7047.783152,7047.783152,DRK
7310.651594,7042.070222,7042.070222,PLD
7371.050086,7041.536528,7041.536528,PLD
7473.222533,7041.055874,7041.055874,DRK
7480.864589,7039.487436,7039.487436,WAR
7252.569689,7038.937736,7038.937736,PLD
7373.960289,7038.376015,7038.376015,PLD
7434.631389,7036.917222,7036.917222,WAR
7329.676478,7036.125906,7036.125906,PLD
7475.194989,7034.3367,7034.3367,WAR
7505.620624,7032.184316,7032.184316,DRK
8017.714707,7031.797686,7031.797686,DRK
7511.820687,7031.516805,7031.516805,PLD
7397.315666,7031.449739,7031.449739,DRK
7540.510465,7030.335546,7030.335546,DRK
7633.612814,7030.277212,7030.277212,DRK
7439.030617,7029.673238,7029.673238,DRK
7845.049961,7028.995507,7028.995507,DRK
7673.079953,7027.533178,7027.533178,DRK
7629.413327,7026.851967,7026.851967,DRK
7295.622556,7026.565033,7026.565033,PLD
7727.593826,7026.306788,7026.306788,DRK
7394.004407,7024.877596,7024.877596,DRK
7322.944503,7024.578091,7024.578091,DRK
7377.871761,7022.792743,7022.792743,PLD
7357.756211,7020.82155,7020.82155,DRK
7425.59966,7019.316867,7019.316867,WAR
7377.544119,7018.999084,7018.999084,PLD
7446.059919,7018.399444,7018.399444,DRK
7315.399116,7017.81861,7017.81861,PLD
7241.718133,7017.190505,7017.190505,WAR
7536.512085,7016.957265,7016.957265,DRK
7265.956037,7014.853536,7014.853536,PLD
7434.316806,7014.648681,7014.648681,PLD
7258.024311,7014.222175,7014.222175,PLD
7573.21006,7013.459432,7013.459432,DRK
7267.702447,7011.566308,7011.566308,PLD
7512.148289,7009.727282,7009.727282,DRK
7780.535879,7009.589307,7009.589307,DRK
7329.977634,7008.941201,7008.941201,DRK
7278.838276,7008.46995,7008.46995,DRK
7763.131405,7008.468794,7008.468794,WAR
7523.098862,7007.831363,7007.831363,DRK
7303.332656,7007.674298,7007.674298,WAR
7330.561873,7004.79266,7004.79266,PLD
7114.174175,7004.714623,7004.714623,PLD
7720.845492,7003.689855,7003.689855,DRK
7218.216382,7003.021617,7003.021617,WAR
7233.778541,7002.164344,7002.164344,PLD
7300.193814,7001.677703,7001.677703,DRK
7324.059027,7001.598527,7001.598527,PLD
7389.57246,7001.022748,7001.022748,PLD
7620.040815,7000.494038,7000.494038,DRK
7393.965766,7000.44213,7000.44213,PLD
7153.160152,7000.031879,7000.031879,DRK
7492.175575,6998.665326,6998.665326,PLD
7404.184831,6995.928608,6995.928608,PLD
7282.564402,6995.919765,6995.919765,WAR
7291.823523,6995.800532,6995.800532,PLD
7278.004771,6995.214345,6995.214345,PLD
7323.2293,6991.577368,6991.577368,PLD
7295.225193,6990.366249,6990.366249,PLD
7377.840665,6988.910939,6988.910939,PLD
7310.57543,6988.150225,6988.150225,PLD
7619.317989,6987.27836,6987.27836,WAR
7093.043222,6987.030458,6987.030458,PLD
7374.589971,6986.993182,6986.993182,WAR
7520.339142,6986.749438,6986.749438,WAR
7265.50363,6986.09397,6986.09397,PLD
7201.956131,6985.597106,6985.597106,PLD
7519.998293,6983.312963,6983.312963,WAR
7075.22776,6982.465991,6982.465991,PLD
7277.215943,6981.67085,6981.67085,PLD
7455.587245,6981.50762,6981.50762,WAR
7180.855264,6981.231117,6981.231117,WAR
7146.645703,6979.415481,6979.415481,PLD
7387.813426,6979.407896,6979.407896,WAR
7268.622113,6978.181576,6978.181576,PLD
7205.236159,6977.232037,6977.232037,WAR
7240.424791,6966.179595,6966.179595,WAR
7442.330119,6963.9101,6963.9101,WAR
7584.221844,6958.303356,6958.303356,WAR
7272.455836,6955.090795,6955.090795,WAR
7200.181758,6954.955634,6954.955634,WAR
7247.356625,6954.316367,6954.316367,WAR
7399.872763,6953.234342,6953.234342,WAR
7471.112969,6952.045225,6952.045225,WAR
7439.996831,6949.337082,6949.337082,WAR
7178.768949,6949.101741,6949.101741,WAR
7405.799894,6949.085448,6949.085448,WAR
7485.880202,6948.714826,6948.714826,WAR
7220.621529,6947.699283,6947.699283,WAR
7307.276575,6946.198045,6946.198045,WAR
7311.111062,6943.160756,6943.160756,WAR
7235.286212,6933.607156,6933.607156,WAR
7552.361357,6932.462969,6932.462969,WAR
7261.325305,6932.330094,6932.330094,WAR
7219.841496,6930.220831,6930.220831,WAR
7203.262935,6923.759019,6923.759019,WAR
7602.028136,6923.029651,6923.029651,WAR
7389.409905,6921.920411,6921.920411,WAR
7207.764,6919.295911,6919.295911,WAR
7242.876402,6916.940192,6916.940192,WAR
7273.491071,6915.94329,6915.94329,WAR
7193.033877,6914.268725,6914.268725,WAR
7146.296489,6913.862225,6913.862225,WAR
7086.332563,6911.134647,6911.134647,WAR
7214.679007,6910.545675,6910.545675,WAR
7231.748465,6909.048032,6909.048032,WAR
7307.834375,6908.459704,6908.459704,WAR
7278.194345,6908.227649,6908.227649,WAR
7219.170684,6903.921656,6903.921656,WAR
7144.697533,6903.508221,6903.508221,WAR
7164.257048,6903.197616,6903.197616,WAR
7218.458135,6901.731058,6901.731058,WAR
7229.574734,6901.114595,6901.114595,WAR
7410.445208,6900.91662,6900.91662,WAR
7362.470547,6897.890632,6897.890632,WAR
7244.282903,6896.952855,6896.952855,WAR
7292.378593,6896.289324,6896.289324,WAR
7379.284628,6893.329407,6893.329407,WAR
7151.530794,6892.415492,6892.415492,WAR
7363.24318,6891.056208,6891.056208,WAR
7223.404904,6888.512239,6888.512239,WAR
7388.864632,6887.234882,6887.234882,WAR
7171.666496,6885.631777,6885.631777,WAR
7231.668979,6885.349967,6885.349967,WAR
7256.793666,6884.835687,6884.835687,WAR
7158.738346,6882.603677,6882.603677,WAR
7307.252344,6881.986967,6881.986967,WAR
7115.473471,6880.331064,6880.331064,WAR
7428.975804,6873.319512,6873.319512,WAR
7243.134144,6870.819852,6870.819852,WAR
7057.991328,6868.731983,6868.731983,WAR
7244.732815,6868.544391,6868.544391,WAR
7095.625511,6867.890915,6867.890915,WAR
7230.799541,6867.361403,6867.361403,WAR
7254.141168,6866.635874,6866.635874,WAR
7051.639436,6862.591605,6862.591605,WAR
7354.69531,6862.332431,6862.332431,WAR
7288.998153,6861.131752,6861.131752,WAR
7270.538706,6858.097595,6858.097595,WAR
6971.195577,6856.283612,6856.283612,WAR
7165.404971,6855.673795,6855.673795,WAR
7214.395236,6854.960334,6854.960334,WAR
7279.629749,6849.527483,6849.527483,WAR
7360.984357,6846.507092,6846.507092,WAR
7172.256894,6845.965431,6845.965431,WAR
7355.871372,6842.641174,6842.641174,WAR
7028.583506,6838.889434,6838.889434,WAR
7049.781524,6838.386802,6838.386802,WAR
7033.885103,6838.152738,6838.152738,WAR
7265.437807,6837.98718,6837.98718,WAR
8243.859156,7676.457845,7676.457845,GNB
7894.508296,7560.907982,7560.907982,PLD
8201.770633,7537.477134,7537.477134,GNB
7873.763976,7522.613197,7522.613197,GNB
8112.661016,7516.286579,7516.286579,GNB
7753.776243,7494.974472,7494.974472,PLD
7741.146118,7477.421411,7477.421411,PLD
7680.123945,7474.452317,7474.452317,PLD
7984.251353,7471.131695,7471.131695,GNB
7822.06851,7470.375868,7470.375868,PLD
8075.742961,7463.360344,7463.360344,DRK
7728.142063,7463.070692,7463.070692,PLD
7581.957638,7461.741996,7461.741996,GNB
7907.418494,7456.809158,7456.809158,GNB
7800.696111,7453.166184,7453.166184,GNB
7961.737399,7447.088625,7447.088625,GNB
7903.759351,7443.118015,7443.118015,GNB
7819.323972,7440.757293,7440.757293,GNB
7692.00474,7438.382593,7438.382593,PLD
7820.110241,7431.594383,7431.594383,PLD
7975.586262,7430.517807,7430.517807,GNB
7757.912922,7424.005202,7424.005202,GNB
8084.318272,7422.482915,7422.482915,DRK
7758.187968,7422.339145,7422.339145,GNB
8179.311654,7419.945047,7419.945047,DRK
7879.891076,7419.469368,7419.469368,GNB
7755.603397,7418.476597,7418.476597,GNB
7946.941025,7414.547527,7414.547527,DRK
7783.44834,7411.42985,7411.42985,GNB
8010.998565,7411.107357,7411.107357,DRK
8308.279682,7410.312284,7410.312284,DRK
7765.796952,7409.596736,7409.596736,GNB
7865.505896,7408.581853,7408.581853,GNB
7967.354397,7408.183692,7408.183692,GNB
7984.166715,7406.284979,7406.284979,DRK
8052.39599,7405.848562,7405.848562,GNB
8012.03334,7405.229833,7405.229833,DRK
7669.015427,7404.732653,7404.732653,PLD
7940.20635,7401.989375,7401.989375,GNB
7602.984729,7400.617265,7400.617265,PLD
7880.152902,7398.390928,7398.390928,GNB
8303.666909,7393.877533,7393.877533,GNB
7953.804944,7392.734288,7392.734288,GNB
7996.562936,7392.590934,7392.590934,GNB
8042.415008,7391.422008,7391.422008,GNB
7966.730416,7390.92286,7390.92286,GNB
7690.125981,7389.545325,7389.545325,PLD
7722.333282,7389.467774,7389.467774,GNB
7608.444264,7386.18424,7386.18424,GNB
7476.818845,7384.860694,7384.860694,PLD
7684.835016,7384.103086,7384.103086,GNB
7905.232209,7379.475717,7379.475717,GNB
7852.329505,7379.240164,7379.240164,GNB
7733.414705,7378.969931,7378.969931,GNB
7627.357302,7378.663331,7378.663331,PLD
7975.577882,7374.512688,7374.512688,GNB
8029.55165,7370.201208,7370.201208,GNB
7829.587751,7369.0861,7369.0861,GNB
7678.510374,7368.90319,7368.90319,GNB
7627.960138,7368.859842,7368.859842,PLD
7796.338188,7368.382073,7368.382073,GNB
8153.326992,7368.14147,7368.14147,GNB
7941.862839,7366.011756,7366.011756,DRK
7608.059231,7365.119416,7365.119416,GNB
7600.891102,7361.474307,7361.474307,GNB
7922.453118,7361.317074,7361.317074,DRK
7919.254954,7360.943647,7360.943647,GNB
7798.084657,7360.447728,7360.447728,PLD
8013.618439,7358.35711,7358.35711,GNB
7648.146015,7357.447001,7357.447001,GNB
7934.952273,7356.906844,7356.906844,GNB
7792.11657,7353.836864,7353.836864,GNB
7952.521432,7353.553008,7353.553008,GNB
7820.753732,7351.831695,7351.831695,GNB
7886.990545,7346.814963,7346.814963,DRK
7788.682741,7345.121023,7345.121023,PLD
7649.500375,7345.028906,7345.028906,GNB
7578.807338,7344.710788,7344.710788,GNB
7615.062923,7343.998982,7343.998982,GNB
7764.329502,7343.696782,7343.696782,PLD
7951.044823,7341.939328,7341.939328,DRK
8173.399853,7340.108414,7340.108414,DRK
8299.713883,7340.030928,7340.030928,DRK
8076.43685,7339.634577,7339.634577,DRK
8013.857386,7337.662545,7337.662545,DRK
7925.985852,7334.4948,7334.4948,GNB
7689.103034,7333.433794,7333.433794,DRK
7858.045756,7332.626807,7332.626807,GNB
7703.595769,7327.577982,7327.577982,GNB
7922.198583,7327.26058,7327.26058,GNB
7913.840334,7326.376238,7326.376238,GNB
7659.908227,7325.708428,7325.708428,GNB
7765.942225,7324.79449,7324.79449,GNB
7781.447145,7322.450974,7322.450974,GNB
7786.188901,7321.238507,7321.238507,GNB
8039.479647,7319.294576,7319.294576,DRK
7924.369472,7317.558084,7317.558084,GNB
7920.133886,7317.447713,7317.447713,GNB
7781.089165,7316.794938,7316.794938,WAR
7688.43989,7316.259021,7316.259021,PLD
7486.238895,7315.948065,7315.948065,GNB
7799.521738,7314.653654,7314.653654,DRK
7711.746358,7313.202215,7313.202215,GNB
8101.220839,7310.937528,7310.937528,DRK
7647.03478,7310.425118,7310.425118,GNB
7813.545279,7309.060546,7309.060546,DRK
7814.550803,7308.854891,7308.854891,GNB
7898.541837,7308.740792,7308.740792,DRK
7751.630452,7307.166275,7307.166275,PLD
7637.814532,7306.641968,7306.641968,GNB
7984.217186,7306.4192,7306.4192,GNB
7890.749048,7305.866118,7305.866118,GNB
8087.339435,7304.923511,7304.923511,DRK
7856.73753,7303.480843,7303.480843,GNB
7651.851266,7302.809118,7302.809118,GNB
8291.915058,7302.017405,7302.017405,DRK
7733.527896,7301.932164,7301.932164,GNB
7837.890107,7301.250955,7301.250955,GNB
7690.247603,7301.133518,7301.133518,DRK
7761.669955,7300.912911,7300.912911,GNB
7780.134703,7299.432205,7299.432205,GNB
7612.709366,7298.876735,7298.876735,GNB
7708.67352,7298.807455,7298.807455,GNB
8139.446391,7298.218094,7298.218094,DRK
7918.582253,7298.168579,7298.168579,GNB
7607.58916,7298.161041,7298.161041,PLD
7723.437238,7296.119218,7296.119218,PLD
8097.240769,7294.628116,7294.628116,DRK
7462.008067,7294.465639,7294.465639,GNB
7564.676732,7294.361351,7294.361351,PLD
7725.067661,7293.594982,7293.594982,GNB
7746.813815,7293.163898,7293.163898,GNB
8022.789585,7292.949086,7292.949086,GNB
7951.112601,7292.22576,7292.22576,DRK
7701.630749,7291.896714,7291.896714,GNB
7756.100834,7291.818826,7291.818826,DRK
7623.143645,7291.170501,7291.170501,PLD
7845.818624,7289.220207,7289.220207,GNB
7761.50435,7288.760597,7288.760597,PLD
7657.431396,7287.485675,7287.485675,PLD
7765.856598,7287.025682,7287.025682,DRK
7781.944407,7286.729621,7286.729621,GNB
7972.106798,7286.428868,7286.428868,GNB
7882.995524,7286.269198,7286.269198,GNB
7548.12893,7285.705751,7285.705751,GNB
7615.676461,7284.336949,7284.336949,GNB
7984.93667,7284.296415,7284.296415,DRK
7528.025374,7282.659122,7282.659122,GNB
7893.052715,7282.573176,7282.573176,GNB
7653.1814,7282.301171,7282.301171,DRK
7675.389107,7281.535392,7281.535392,GNB
7836.49678,7281.179258,7281.179258,GNB
7590.702444,7280.855386,7280.855386,GNB
7554.991787,7280.83709,7280.83709,GNB
7791.159598,7279.24968,7279.24968,GNB
7934.592241,7278.024769,7278.024769,GNB
7827.257411,7277.360693,7277.360693,DRK
7580.54272,7276.690161,7276.690161,GNB
7822.103335,7276.641575,7276.641575,GNB
7599.367421,7275.97198,7275.97198,PLD
7948.683286,7275.885136,7275.885136,DRK
7688.211829,7272.850576,7272.850576,DRK
7796.674014,7272.608794,7272.608794,DRK
7793.126831,7272.360376,7272.360376,DRK
7542.569237,7272.245591,7272.245591,PLD
7892.04159,7268.763117,7268.763117,DRK
7600.038564,7266.926245,7266.926245,PLD
7837.886533,7265.335628,7265.335628,DRK
7644.337242,7264.860419,7264.860419,WAR
7880.035694,7263.73681,7263.73681,PLD
7598.091196,7263.665551,7263.665551,DRK
7577.063953,7263.432696,7263.432696,PLD
7619.056659,7262.579298,7262.579298,PLD
7420.639562,7261.827839,7261.827839,PLD
8034.841302,7258.56694,7258.56694,DRK
8116.78745,7256.884592,7256.884592,DRK
7484.017571,7255.78576,7255.78576,PLD
8072.580346,7253.023087,7253.023087,DRK
7777.384826,7252.55857,7252.55857,DRK
7717.291436,7251.30078,7251.30078,PLD
7583.176652,7251.121803,7251.121803,PLD
8131.389138,7250.255612,7250.255612,DRK
7999.591895,7249.551421,7249.551421,DRK
7809.330026,7248.931987,7248.931987,DRK
7616.981477,7247.552139,7247.552139,PLD
7566.756951,7246.758411,7246.758411,PLD
7778.087561,7246.722932,7246.722932,DRK
8138.550402,7246.53685,7246.53685,DRK
8152.323732,7246.165584,7246.165584,DRK
7951.263271,7244.994257,7244.994257,DRK
7744.903537,7244.914848,7244.914848,DRK
7880.199576,7244.258194,7244.258194,DRK
8121.008876,7242.95974,7242.95974,DRK
7487.552882,7241.352354,7241.352354,PLD
7787.176346,7241.118567,7241.118567,DRK
7781.699491,7240.547677,7240.547677,WAR
7424.333799,7239.965337,7239.965337,PLD
7791.529689,7239.463065,7239.463065,DRK
7863.25596,7238.156408,7238.156408,DRK
7613.627495,7237.260409,7237.260409,DRK
7348.353729,7236.436091,7236.436091,PLD
7524.394007,7235.929835,7235.929835,PLD
7985.575421,7235.596897,7235.596897,DRK
7935.436607,7234.733825,7234.733825,DRK
7644.006991,7234.388514,7234.388514,PLD
8298.282097,7234.248034,7234.248034,DRK
7675.585974,7233.833989,7233.833989,DRK
8080.041205,7233.656934,7233.656934,DRK
7517.656871,7233.039558,7233.039558,PLD
7446.025304,7232.082077,7232.082077,DRK
7708.189636,7230.052588,7230.052588,DRK
7624.365333,7229.499662,7229.499662,PLD
7525.299524,7229.354592,7229.354592,PLD
7630.954337,7229.307747,7229.307747,PLD
7918.692647,7227.664493,7227.664493,DRK
7969.570652,7227.433785,7227.433785,DRK
7540.087396,7227.343256,7227.343256,PLD
7590.725255,7227.163664,7227.163664,DRK
8188.219436,7225.763635,7225.763635,DRK
7491.750938,7225.196733,7225.196733,PLD
7778.146831,7224.792193,7224.792193,DRK
7794.843304,7224.684094,7224.684094,WAR
7563.510133,7223.268132,7223.268132,PLD
7582.594149,7219.517129,7219.517129,DRK
8139.850548,7219.339752,7219.339752,DRK
7512.940736,7219.021782,7219.021782,PLD
7511.326754,7217.856491,7217.856491,WAR
7633.426494,7217.018041,7217.018041,PLD
7551.171742,7214.907141,7214.907141,WAR
7440.419783,7214.702268,7214.702268,PLD
7994.85586,7213.650424,7213.650424,DRK
7689.903861,7213.403709,7213.403709,DRK
7627.675952,7213.315191,7213.315191,DRK
7643.062353,7212.772329,7212.772329,PLD
7875.86429,7212.133703,7212.133703,DRK
8110.389719,7211.084493,7211.084493,DRK
7574.33488,7210.704477,7210.704477,DRK
7717.354798,7209.706652,7209.706652,PLD
7739.476291,7208.807234,7208.807234,DRK
7421.166566,7207.955004,7207.955004,PLD
7735.045074,7207.32061,7207.32061,DRK
7819.812123,7207.218275,7207.218275,DRK
8115.269936,7206.74817,7206.74817,DRK
7690.351059,7206.491069,7206.491069,DRK
7352.25387,7206.385358,7206.385358,WAR
7432.156166,7205.667788,7205.667788,PLD
8047.860063,7204.561934,7204.561934,DRK
7772.235314,7203.615523,7203.615523,DRK
7514.570641,7203.180622,7203.180622,PLD
7747.492432,7203.080946,7203.080946,DRK
7778.458612,7202.339461,7202.339461,WAR
7878.105347,7201.5038,7201.5038,DRK
7950.392408,7200.633234,7200.633234,DRK
7779.283789,7197.694084,7197.694084,PLD
7549.356624,7197.087397,7197.087397,PLD
7954.468786,7197.04825,7197.04825,DRK
7569.48541,7196.341885,7196.341885,PLD
7488.770861,7195.620194,7195.620194,WAR
7417.340791,7195.600954,7195.600954,PLD
7856.070135,7195.43211,7195.43211,DRK
7682.250883,7195.413102,7195.413102,PLD
7960.908745,7193.253472,7193.253472,DRK
8010.021159,7193.223438,7193.223438,DRK
7632.186775,7192.945907,7192.945907,PLD
7634.759522,7192.852901,7192.852901,DRK
7633.881896,7192.769352,7192.769352,DRK
8122.366779,7191.56921,7191.56921,DRK
7599.417294,7190.537088,7190.537088,PLD
7488.769475,7190.2783,7190.2783,PLD
7569.403558,7187.669623,7187.669623,DRK
7544.426999,7187.348624,7187.348624,PLD
7440.549116,7186.996931,7186.996931,PLD
7782.337774,7186.786348,7186.786348,DRK
7298.854148,7186.631027,7186.631027,PLD
7660.665242,7185.86175,7185.86175,DRK
7575.331668,7184.151037,7184.151037,PLD
8017.653947,7183.903182,7183.903182,DRK
7415.10457,7183.894992,7183.894992,PLD
7494.398863,7183.210792,7183.210792,PLD
7668.394321,7182.57228,7182.57228,DRK
7422.235927,7181.613796,7181.613796,PLD
7614.486787,7181.18546,7181.18546,PLD
7541.417746,7179.365338,7179.365338,PLD
7431.778987,7178.55175,7178.55175,PLD
7460.244924,7177.859197,7177.859197,PLD
7484.790526,7177.686147,7177.686147,PLD
7402.441175,7177.31598,7177.31598,PLD
7397.182567,7176.660588,7176.660588,PLD
7476.755723,7176.338868,7176.338868,PLD
7790.690963,7174.177282,7174.177282,PLD
7547.004073,7171.959613,7171.959613,WAR
7702.19876,7170.492538,7170.492538,WAR
7624.932729,7170.404064,7170.404064,PLD
7657.700656,7169.635971,7169.635971,PLD
7608.076157,7169.541483,7169.541483,PLD
7450.634189,7164.613843,7164.613843,PLD
7497.323484,7164.536713,7164.536713,PLD
7500.562499,7164.252184,7164.252184,PLD
7897.416107,7160.356615,7160.356615,WAR
7526.388591,7159.686047,7159.686047,WAR
7641.2408,7156.459961,7156.459961,PLD
7393.302563,7156.38087,7156.38087,PLD
7624.143281,7156.209039,7156.209039,PLD
7443.877256,7156.019879,7156.019879,PLD
7297.712282,7155.582391,7155.582391,PLD
7583.481542,7155.312319,7155.312319,WAR
7477.602847,7154.514475,7154.514475,PLD
7511.649512,7154.053055,7154.053055,PLD
7489.014999,7153.839894,7153.839894,PLD
7439.463893,7150.768311,7150.768311,PLD
7649.899044,7150.606901,7150.606901,WAR
7351.043481,7149.285454,7149.285454,PLD
7312.776331,7149.1983,7149.1983,PLD
7446.105184,7147.738386,7147.738386,WAR
7471.840602,7146.546199,7146.546199,PLD
7569.577903,7146.396781,7146.396781,PLD
7607.041958,7145.69567,7145.69567,WAR
7697.675386,7144.163469,7144.163469,WAR
7369.380495,7131.889142,7131.889142,WAR
7492.483136,7123.797501,7123.797501,WAR
7557.755537,7122.004372,7122.004372,WAR
7616.751764,7121.367945,7121.367945,WAR
7578.574022,7112.566713,7112.566713,WAR
7699.141643,7105.156247,7105.156247,WAR
7762.160618,7101.720419,7101.720419,WAR
7569.464818,7095.655047,7095.655047,WAR
7487.918075,7095.52186,7095.52186,WAR
7318.767958,7094.064132,7094.064132,WAR
7620.612853,7092.637052,7092.637052,WAR
7649.145175,7091.89698,7091.89698,WAR
7353.69211,7091.841965,7091.841965,WAR
7456.264604,7087.029083,7087.029083,WAR
7473.412728,7084.337245,7084.337245,WAR
7340.602343,7081.195677,7081.195677,WAR
7443.79295,7076.720664,7076.720664,WAR
7412.671995,7076.067445,7076.067445,WAR
7688.697484,7076.03414,7076.03414,WAR
7452.034591,7075.228154,7075.228154,WAR
7371.138339,7069.840952,7069.840952,WAR
7652.544093,7065.6136,7065.6136,WAR
7495.725364,7064.183284,7064.183284,WAR
7666.385437,7063.444038,7063.444038,WAR
7449.267028,7063.171176,7063.171176,WAR
7533.516908,7059.682838,7059.682838,WAR
7562.97953,7057.170347,7057.170347,WAR
7662.551496,7052.228622,7052.228622,WAR
7514.095605,7051.882521,7051.882521,WAR
7474.175751,7051.454719,7051.454719,WAR
7554.939433,7051.324992,7051.324992,WAR
7596.473713,7050.860346,7050.860346,WAR
7481.524673,7050.743717,7050.743717,WAR
7707.469857,7049.865447,7049.865447,WAR
7748.132571,7046.326655,7046.326655,WAR
7703.196238,7044.802795,7044.802795,WAR
7332.906099,7038.956224,7038.956224,WAR
7244.641765,7036.226937,7036.226937,WAR
7656.525815,7036.183961,7036.183961,WAR
7563.406179,7035.020616,7035.020616,WAR
7313.513622,7033.474846,7033.474846,WAR
7529.925494,7030.210706,7030.210706,WAR
7205.398173,7029.952345,7029.952345,WAR
7607.400631,7028.490086,7028.490086,WAR
7283.941151,7028.015619,7028.015619,WAR
7420.498231,7026.685023,7026.685023,WAR
7349.243808,7026.604875,7026.604875,WAR
7492.571783,7026.081475,7026.081475,WAR
7547.12079,7024.505887,7024.505887,WAR
7589.101267,7024.122844,7024.122844,WAR
7490.11092,7023.253412,7023.253412,WAR
7427.466746,7021.018972,7021.018972,WAR
7464.968019,7019.444667,7019.444667,WAR
7305.259973,7011.904986,7011.904986,WAR
7416.185229,7011.344998,7011.344998,WAR
7517.0857,7010.743823,7010.743823,WAR
7255.373312,7010.582583,7010.582583,WAR
7309.779902,7010.557867,7010.557867,WAR
7578.239416,7009.916642,7009.916642,WAR
7236.976872,7008.472134,7008.472134,WAR
7522.617332,7008.42358,7008.42358,WAR
7512.604052,7006.584269,7006.584269,WAR
7363.017729,7005.61921,7005.61921,WAR
7296.893742,7005.372964,7005.372964,WAR
7484.223455,7004.035387,7004.035387,WAR
7451.644752,7004.032664,7004.032664,WAR
7596.736242,7003.592425,7003.592425,WAR
7672.003548,7003.300241,7003.300241,WAR
7448.851577,7001.946293,7001.946293,WAR
7463.733948,7000.94852,7000.94852,WAR
7392.68382,6999.246649,6999.246649,WAR
7561.255669,6997.240942,6997.240942,WAR
7383.600959,6996.045578,6996.045578,WAR
7413.683785,6993.686412,6993.686412,WAR
7481.362977,6993.471398,6993.471398,WAR
7400.175357,6991.114214,6991.114214,WAR
7331.008131,6990.857834,6990.857834,WAR
7571.658995,6989.876485,6989.876485,WAR
7485.238952,6989.602792,6989.602792,WAR
7338.976274,6989.271942,6989.271942,WAR
7288.628194,6989.144843,6989.144843,WAR
7457.020164,6988.942613,6988.942613,WAR
7981.918262,7520.186673,7520.186673,PLD
7936.709619,7514.775579,7514.775579,GNB
7778.01647,7466.832534,7466.832534,GNB
7603.285058,7460.700389,7460.700389,GNB
8093.967754,7452.436795,7452.436795,DRK
7708.869032,7445.169695,7445.169695,GNB
7704.787896,7439.237843,7439.237843,GNB
8058.958673,7425.646441,7425.646441,GNB
7942.583644,7419.497287,7419.497287,GNB
7869.064919,7415.812073,7415.812073,GNB
7901.858805,7411.741416,7411.741416,GNB
7853.624708,7408.977479,7408.977479,GNB
7703.902478,7408.103303,7408.103303,GNB
8007.176472,7404.47874,7404.47874,GNB
7776.931608,7401.049821,7401.049821,GNB
7582.026459,7398.415952,7398.415952,PLD
7732.98927,7396.499731,7396.499731,PLD
7853.861678,7395.908745,7395.908745,GNB
7793.172387,7393.48969,7393.48969,GNB
7854.024408,7391.787928,7391.787928,GNB
7707.432613,7389.15779,7389.15779,GNB
7608.873606,7385.364797,7385.364797,PLD
7766.973794,7385.119258,7385.119258,PLD
7765.935887,7384.849823,7384.849823,PLD
7620.902668,7383.399932,7383.399932,PLD
7776.53359,7382.450853,7382.450853,GNB
7668.456166,7382.384065,7382.384065,DRK
7633.770924,7381.883959,7381.883959,GNB
7729.214948,7378.339106,7378.339106,DRK
8060.020492,7377.76007,7377.76007,DRK
7739.614835,7377.711359,7377.711359,GNB
7825.815132,7376.73991,7376.73991,GNB
7970.661219,7374.775512,7374.775512,GNB
7637.888357,7373.950566,7373.950566,PLD
8037.395863,7372.907709,7372.907709,GNB
7840.798205,7371.553512,7371.553512,GNB
7863.287595,7370.658885,7370.658885,GNB
7850.704693,7369.828828,7369.828828,GNB
7705.83034,7369.207843,7369.207843,PLD
7672.555727,7366.776054,7366.776054,GNB
7964.714135,7365.443867,7365.443867,GNB
7688.903729,7365.188809,7365.188809,PLD
7696.590186,7364.488131,7364.488131,PLD
7785.078125,7360.768102,7360.768102,GNB
7684.3745,7360.482812,7360.482812,GNB
7556.58914,7357.979977,7357.979977,PLD
7663.315168,7355.957123,7355.957123,GNB
8038.243527,7355.135018,7355.135018,DRK
7780.016299,7353.505051,7353.505051,GNB
7909.942287,7351.352428,7351.352428,GNB
7666.186922,7350.393516,7350.393516,PLD
7647.892879,7350.058022,7350.058022,GNB
7734.149212,7349.601527,7349.601527,PLD
7651.532469,7348.19955,7348.19955,GNB
7825.885599,7346.138328,7346.138328,GNB
8019.050273,7345.435857,7345.435857,DRK
7741.730655,7343.774388,7343.774388,PLD
7846.520866,7342.471851,7342.471851,GNB
7754.489233,7342.388992,7342.388992,GNB
7678.754952,7342.133089,7342.133089,GNB
7644.070987,7341.778471,7341.778471,PLD
7921.103263,7337.452477,7337.452477,GNB
7891.72501,7337.350963,7337.350963,DRK
7547.21654,7337.242992,7337.242992,PLD
7667.428384,7337.152047,7337.152047,GNB
7633.972572,7336.610135,7336.610135,GNB
7616.931302,7334.244682,7334.244682,PLD
7455.812572,7330.185551,7330.185551,PLD
7685.55873,7327.664952,7327.664952,PLD
7614.742711,7325.960329,7325.960329,PLD
7831.223479,7325.609192,7325.609192,GNB
7595.514975,7323.207168,7323.207168,GNB
7838.219185,7322.03121,7322.03121,GNB
7539.707612,7320.930687,7320.930687,GNB
7749.775099,7320.190142,7320.190142,GNB
7825.747938,7320.185271,7320.185271,PLD
8141.037379,7317.239615,7317.239615,DRK
7789.145623,7316.815091,7316.815091,GNB
7648.664071,7316.253779,7316.253779,PLD
7612.250703,7316.011243,7316.011243,PLD
7682.598497,7315.530156,7315.530156,PLD
7636.916984,7313.856365,7313.856365,GNB
7792.642222,7313.676622,7313.676622,GNB
7608.637884,7312.601646,7312.601646,GNB
8182.566829,7310.046947,7310.046947,DRK
7769.034265,7308.404306,7308.404306,GNB
7762.602874,7308.011886,7308.011886,GNB
7772.955588,7306.107408,7306.107408,GNB
7628.904832,7305.727504,7305.727504,GNB
7641.005122,7303.885584,7303.885584,GNB
7626.719676,7303.631393,7303.631393,PLD
7672.306438,7303.525924,7303.525924,PLD
7666.917387,7303.506836,7303.506836,GNB
8002.962751,7300.825123,7300.825123,DRK
7988.958325,7299.395705,7299.395705,DRK
7808.813329,7299.226611,7299.226611,GNB
7790.258186,7299.074664,7299.074664,PLD
7418.40255,7297.651827,7297.651827,PLD
8046.881529,7296.753538,7296.753538,DRK
7707.375777,7296.081241,7296.081241,GNB
7568.455066,7295.674359,7295.674359,GNB
7456.448519,7295.298918,7295.298918,PLD
7698.398324,7293.507074,7293.507074,GNB
8071.410243,7292.173732,7292.173732,DRK
7670.395717,7291.394934,7291.394934,PLD
7801.334532,7291.271256,7291.271256,GNB
7682.730762,7290.756114,7290.756114,GNB
7485.716492,7289.841738,7289.841738,PLD
7768.354067,7289.381736,7289.381736,GNB
7867.544832,7288.558505,7288.558505,DRK
7640.821339,7287.963238,7287.963238,GNB
7643.683592,7287.887976,7287.887976,GNB
7870.609632,7287.385446,7287.385446,GNB
7492.764951,7286.955397,7286.955397,PLD
7660.115799,7284.478899,7284.478899,GNB
7720.672347,7283.990762,7283.990762,GNB
7657.218551,7283.912661,7283.912661,GNB
7464.99586,7283.298297,7283.298297,PLD
7659.549882,7280.64884,7280.64884,GNB
7835.716904,7279.496168,7279.496168,GNB
7776.313189,7278.712424,7278.712424,GNB
7469.17526,7278.641284,7278.641284,GNB
7394.914493,7277.797915,7277.797915,PLD
7605.512268,7276.774883,7276.774883,PLD
7444.16327,7276.719077,7276.719077,GNB
7653.403226,7275.929564,7275.929564,GNB
7567.588472,7273.203076,7273.203076,DRK
7706.268367,7272.360213,7272.360213,WAR
7691.487803,7271.860629,7271.860629,GNB
7856.931761,7271.235417,7271.235417,GNB
7721.84481,7271.170951,7271.170951,GNB
7695.163274,7270.979582,7270.979582,GNB
7388.289572,7270.597695,7270.597695,GNB
7876.27517,7270.328544,7270.328544,GNB
7942.904174,7269.998758,7269.998758,DRK
7570.004268,7269.022474,7269.022474,PLD
7560.606177,7268.588006,7268.588006,GNB
7872.937522,7267.558875,7267.558875,GNB
7549.869153,7267.529629,7267.529629,GNB
7769.206049,7266.777064,7266.777064,GNB
7888.484047,7265.878044,7265.878044,GNB
7875.728364,7265.1011,7265.1011,GNB
7394.285653,7264.797073,7264.797073,GNB
8078.881302,7264.681268,7264.681268,DRK
8147.605793,7264.047352,7264.047352,DRK
7742.954669,7263.447183,7263.447183,GNB
7633.130857,7262.722954,7262.722954,GNB
7754.119886,7262.616559,7262.616559,GNB
7952.375241,7262.124881,7262.124881,DRK
7595.931158,7261.683865,7261.683865,GNB
7872.011353,7261.046607,7261.046607,GNB
7802.949541,7260.925305,7260.925305,GNB
7432.721044,7257.95716,7257.95716,PLD
7723.463755,7257.555339,7257.555339,GNB
7763.914627,7255.862427,7255.862427,GNB
7977.670081,7255.452528,7255.452528,DRK
7888.623714,7255.189022,7255.189022,GNB
7543.707303,7254.27526,7254.27526,GNB
7580.655501,7253.57584,7253.57584,PLD
7729.286276,7253.12828,7253.12828,DRK
7431.800557,7252.560064,7252.560064,GNB
7498.132933,7252.419275,7252.419275,PLD
7717.236714,7251.841852,7251.841852,PLD
7636.688674,7249.516548,7249.516548,PLD
7717.23362,7248.697759,7248.697759,PLD
8009.760126,7247.852895,7247.852895,DRK
7390.887338,7246.801712,7246.801712,PLD
7975.833744,7246.364956,7246.364956,DRK
7703.719078,7245.647229,7245.647229,DRK
7596.132893,7244.617829,7244.617829,DRK
7810.375408,7244.400524,7244.400524,WAR
7608.338459,7243.895069,7243.895069,PLD
7499.948698,7242.381636,7242.381636,PLD
7496.60879,7241.813974,7241.813974,PLD
7485.376217,7241.659633,7241.659633,PLD
7423.282537,7241.323006,7241.323006,PLD
7636.684358,7239.204241,7239.204241,PLD
7525.310654,7237.211707,7237.211707,PLD
7535.057143,7235.31785,7235.31785,PLD
7353.299517,7234.717029,7234.717029,PLD
7646.940222,7233.956552,7233.956552,WAR
7504.203755,7233.155041,7233.155041,PLD
7568.236397,7232.213192,7232.213192,PLD
7457.093942,7231.791506,7231.791506,PLD
7693.286612,7231.724321,7231.724321,PLD
7394.819672,7231.593177,7231.593177,PLD
7420.273264,7230.87758,7230.87758,PLD
7706.763134,7230.831135,7230.831135,PLD
7493.122989,7230.300839,7230.300839,PLD
7594.4292,7229.237181,7229.237181,PLD
7342.700879,7228.910971,7228.910971,PLD
7492.34046,7228.737902,7228.737902,PLD
7953.053403,7225.349856,7225.349856,DRK
7356.410025,7224.947386,7224.947386,PLD
7530.558819,7223.245602,7223.245602,PLD
7503.409518,7222.456112,7222.456112,PLD
7602.907609,7221.208507,7221.208507,DRK
7569.59236,7220.733449,7220.733449,DRK
7482.939672,7219.888961,7219.888961,PLD
7520.008248,7219.166139,7219.166139,DRK
7751.572604,7218.716701,7218.716701,DRK
7495.941157,7217.708119,7217.708119,PLD
7567.146924,7217.578112,7217.578112,DRK
8027.264313,7217.005793,7217.005793,DRK
8030.948803,7216.01812,7216.01812,DRK
8254.848823,7216.001884,7216.001884,DRK
7657.465718,7214.332934,7214.332934,DRK
7549.526569,7213.012279,7213.012279,PLD
7867.728262,7212.015135,7212.015135,DRK
7627.837683,7211.595796,7211.595796,WAR
7606.658366,7209.341934,7209.341934,PLD
7566.989702,7209.213586,7209.213586,PLD
7441.026989,7208.765709,7208.765709,DRK
7362.416158,7207.81784,7207.81784,DRK
7492.629781,7206.936271,7206.936271,DRK
7730.900359,7205.57552,7205.57552,DRK
7610.07637,7204.563047,7204.563047,PLD
7704.71265,7201.51811,7201.51811,DRK
7584.898357,7200.313162,7200.313162,DRK
7761.033107,7199.963116,7199.963116,WAR
7689.282259,7199.625932,7199.625932,DRK
7671.748259,7199.610872,7199.610872,PLD
7526.465525,7199.38596,7199.38596,PLD
7674.578303,7197.987714,7197.987714,DRK
7615.98878,7197.190634,7197.190634,PLD
7477.712417,7194.912033,7194.912033,PLD
7437.031091,7193.653376,7193.653376,PLD
7675.370365,7193.186136,7193.186136,PLD
7655.252817,7192.948791,7192.948791,WAR
7325.67835,7192.211179,7192.211179,PLD
7441.990402,7191.015174,7191.015174,PLD
7825.188519,7190.741343,7190.741343,DRK
7550.47312,7190.389039,7190.389039,WAR
7838.13586,7190.254817,7190.254817,DRK
8065.586184,7188.680359,7188.680359,DRK
7974.170251,7188.207282,7188.207282,DRK
7903.428856,7187.771582,7187.771582,DRK
7646.729994,7186.875864,7186.875864,DRK
7311.016989,7186.254641,7186.254641,PLD
7531.293744,7185.301078,7185.301078,WAR
7887.734883,7184.330152,7184.330152,DRK
7711.851115,7184.097959,7184.097959,DRK
7644.994078,7183.995609,7183.995609,DRK
7729.519075,7183.751498,7183.751498,DRK
7419.539615,7183.47495,7183.47495,PLD
7506.723526,7182.531493,7182.531493,PLD
7304.050334,7182.364913,7182.364913,PLD
7458.709317,7181.987957,7181.987957,PLD
7460.920503,7181.698271,7181.698271,PLD
7679.177262,7181.31113,7181.31113,PLD
7590.957919,7177.87956,7177.87956,DRK
7368.730073,7177.860901,7177.860901,PLD
7440.33719,7177.577467,7177.577467,PLD
7215.941609,7175.395511,7175.395511,PLD
7350.152232,7174.544491,7174.544491,PLD
7660.275753,7173.653984,7173.653984,PLD
7397.993005,7173.505756,7173.505756,PLD
7473.117183,7173.391327,7173.391327,PLD
7524.322922,7173.194425,7173.194425,PLD
7449.577704,7171.65646,7171.65646,PLD
7962.745727,7169.950114,7169.950114,DRK
7403.074751,7169.062222,7169.062222,PLD
7489.193577,7168.905154,7168.905154,PLD
7362.080428,7168.313164,7168.313164,PLD
7748.570028,7162.789329,7162.789329,DRK
7499.952442,7161.723932,7161.723932,WAR
7387.117694,7159.536709,7159.536709,DRK
7396.387313,7156.092836,7156.092836,WAR
7506.300563,7155.504674,7155.504674,WAR
7776.987256,7155.122892,7155.122892,DRK
7627.80615,7153.651129,7153.651129,DRK
7491.984018,7153.176419,7153.176419,DRK
7723.111177,7152.868128,7152.868128,DRK
7765.625746,7152.051926,7152.051926,DRK
7876.167918,7151.933542,7151.933542,DRK
8155.901041,7149.514519,7149.514519,DRK
7797.782439,7145.951924,7145.951924,DRK
7729.034331,7145.321847,7145.321847,DRK
7714.648922,7144.561803,7144.561803,DRK
7650.500579,7143.001928,7143.001928,DRK
7634.149737,7141.805127,7141.805127,DRK
7489.932107,7141.389393,7141.389393,WAR
7756.186479,7139.174749,7139.174749,DRK
7755.778896,7138.511506,7138.511506,DRK
7727.449629,7137.881981,7137.881981,DRK
7588.417323,7137.714135,7137.714135,DRK
7366.144985,7137.678575,7137.678575,DRK
7572.330367,7137.015667,7137.015667,DRK
7494.555229,7136.333547,7136.333547,DRK
7589.499681,7135.83877,7135.83877,DRK
7600.979033,7135.318144,7135.318144,WAR
7768.335125,7135.135496,7135.135496,DRK
7729.401948,7133.371413,7133.371413,DRK
7365.726806,7131.184213,7131.184213,DRK
7921.408016,7131.130686,7131.130686,DRK
7796.127463,7130.791955,7130.791955,DRK
7799.385714,7129.743483,7129.743483,DRK
7588.079951,7129.389613,7129.389613,DRK
7576.389306,7129.256922,7129.256922,DRK
7806.241069,7128.941445,7128.941445,DRK
7733.537999,7127.504947,7127.504947,DRK
7790.731592,7127.344507,7127.344507,DRK
7664.075535,7126.205113,7126.205113,DRK
7983.620527,7126.105421,7126.105421,DRK
7627.904422,7125.436631,7125.436631,WAR
8017.09538,7124.395534,7124.395534,DRK
7713.016861,7124.104889,7124.104889,DRK
7591.365462,7123.654815,7123.654815,DRK
7320.801739,7123.5488,7123.5488,WAR
7628.709136,7123.50182,7123.50182,DRK
7602.438586,7122.51833,7122.51833,DRK
7547.711984,7121.853411,7121.853411,DRK
7764.201273,7121.381696,7121.381696,DRK
7479.697853,7121.231593,7121.231593,DRK
7919.803047,7118.937735,7118.937735,DRK
7623.491284,7117.484076,7117.484076,WAR
7607.445579,7114.954242,7114.954242,WAR
7619.891238,7113.888626,7113.888626,WAR
7391.887929,7109.300312,7109.300312,WAR
7493.987902,7107.975522,7107.975522,WAR
7415.882161,7105.671929,7105.671929,WAR
7342.498484,7098.782196,7098.782196,WAR
7549.080078,7091.930371,7091.930371,WAR
7428.401254,7087.850484,7087.850484,WAR
7389.422267,7081.630439,7081.630439,WAR
7363.59636,7079.325581,7079.325581,WAR
7469.796431,7072.934983,7072.934983,WAR
7399.146985,7071.62849,7071.62849,WAR
7527.777826,7068.450878,7068.450878,WAR
7338.318018,7062.478066,7062.478066,WAR
7457.261803,7055.701867,7055.701867,WAR
7440.35606,7055.176189,7055.176189,WAR
7390.174424,7053.622172,7053.622172,WAR
7482.016588,7053.405735,7053.405735,WAR
7339.828822,7051.432146,7051.432146,WAR
7287.366482,7050.296939,7050.296939,WAR
7553.970577,7050.148126,7050.148126,WAR
7663.623216,7050.029538,7050.029538,WAR
7391.744822,7049.957248,7049.957248,WAR
7534.75774,7047.578158,7047.578158,WAR
7452.361032,7046.715028,7046.715028,WAR
7303.636813,7045.228757,7045.228757,WAR
7475.723588,7044.579106,7044.579106,WAR
7404.257922,7044.424775,7044.424775,WAR
7386.318932,7044.207234,7044.207234,WAR
7396.463341,7043.078168,7043.078168,WAR
7432.005687,7040.916045,7040.916045,WAR
7403.905956,7040.389342,7040.389342,WAR
7439.243003,7039.44025,7039.44025,WAR
7347.222403,7037.143621,7037.143621,WAR
7554.578469,7035.888789,7035.888789,WAR
7306.846879,7035.707242,7035.707242,WAR
7477.301678,7034.606169,7034.606169,WAR
7482.917979,7029.917968,7029.917968,WAR
7398.874796,7029.434068,7029.434068,WAR
7389.661363,7026.42209,7026.42209,WAR
7230.821806,7025.460002,7025.460002,WAR
7780.3281,7024.575681,7024.575681,WAR
7521.613976,7023.185248,7023.185248,WAR
7521.505321,7021.631837,7021.631837,WAR
7282.45789,7021.253128,7021.253128,WAR
7501.51141,7021.189771,7021.189771,WAR
7521.898613,7021.187186,7021.187186,WAR
7303.740174,7021.119416,7021.119416,WAR
7232.145175,7018.517046,7018.517046,WAR
7298.053254,7015.752486,7015.752486,WAR
7141.749375,7014.406213,7014.406213,WAR
7459.18312,7009.702532,7009.702532,WAR
7389.027949,7008.54237,7008.54237,WAR
7265.721431,7008.20696,7008.20696,WAR
7540.708957,7006.134739,7006.134739,WAR
7469.084907,7005.514967,7005.514967,WAR
7554.207014,7003.85555,7003.85555,WAR
7570.022342,7003.21988,7003.21988,WAR
7370.924079,7001.831446,7001.831446,WAR
7493.19046,6998.992079,6998.992079,WAR
7354.8259,6998.795383,6998.795383,WAR
7311.213349,6998.559989,6998.559989,WAR
7432.204572,6997.386507,6997.386507,WAR
7394.87633,6996.974475,6996.974475,WAR
7337.568271,6996.91933,6996.91933,WAR
7327.505264,6995.959492,6995.959492,WAR
7530.708217,6994.765734,6994.765734,WAR
7282.684777,6994.004798,6994.004798,WAR
7396.077395,6993.171831,6993.171831,WAR
7556.957146,6993.117842,6993.117842,WAR
7315.948845,6992.189013,6992.189013,WAR
7287.105851,6991.033916,6991.033916,WAR
7129.231225,6990.75003,6990.75003,WAR
7250.15199,6990.451912,6990.451912,WAR
7209.819469,6990.075404,6990.075404,WAR
7496.774642,6988.693574,6988.693574,WAR
7370.538629,6987.362524,6987.362524,WAR
7347.155654,6986.982586,6986.982586,WAR
7203.054278,6985.25031,6985.25031,WAR
7484.711922,6984.127546,6984.127546,WAR
7279.962746,6983.995425,6983.995425,WAR
7482.671942,6983.550797,6983.550797,WAR
7091.629067,6983.057812,6983.057812,WAR
7268.632149,6982.802233,6982.802233,WAR
8126.631759,7749.652661,7749.652661,GNB
8221.063264,7686.140264,7686.140264,DRK
7985.392629,7629.404541,7629.404541,PLD
8219.181745,7601.27365,7601.27365,GNB
8305.349514,7582.454473,7582.454473,GNB
8414.496891,7569.710522,7569.710522,GNB
8066.839064,7558.248586,7558.248586,GNB
8019.737196,7538.611441,7538.611441,DRK
8201.97397,7533.308948,7533.308948,DRK
8036.337958,7524.152684,7524.152684,GNB
8295.951681,7523.734625,7523.734625,DRK
7880.38679,7523.722441,7523.722441,GNB
8037.818334,7520.946014,7520.946014,GNB
7939.491806,7515.403272,7515.403272,DRK
8039.479288,7510.966209,7510.966209,GNB
8276.004313,7508.235654,7508.235654,DRK
8556.202294,7506.10095,7506.10095,DRK
7826.075695,7503.59803,7503.59803,PLD
7731.584951,7495.837612,7495.837612,GNB
7918.80343,7494.124021,7494.124021,GNB
8046.894957,7487.991873,7487.991873,GNB
8161.161727,7487.212051,7487.212051,GNB
8143.652357,7486.709452,7486.709452,GNB
8215.000754,7484.923926,7484.923926,DRK
8215.195906,7481.081238,7481.081238,GNB
8095.10316,7480.374024,7480.374024,DRK
7761.167659,7480.176335,7480.176335,PLD
7686.998483,7478.904363,7478.904363,GNB
8597.057165,7477.669989,7477.669989,DRK
7848.163907,7475.487576,7475.487576,GNB
8371.687685,7474.802652,7474.802652,DRK
8595.406905,7474.747852,7474.747852,DRK
7897.086996,7473.615697,7473.615697,GNB
8647.485164,7472.346008,7472.346008,DRK
8106.41286,7472.187736,7472.187736,GNB
7772.444385,7469.962469,7469.962469,GNB
8078.530524,7469.734315,7469.734315,GNB
8115.393934,7466.031507,7466.031507,GNB
8298.655528,7465.948712,7465.948712,DRK
7702.579366,7465.726169,7465.726169,PLD
8248.905886,7463.117043,7463.117043,GNB
8243.817472,7459.508005,7459.508005,DRK
8177.697049,7458.914595,7458.914595,DRK
8005.960639,7454.294214,7454.294214,GNB
8115.064113,7452.991684,7452.991684,DRK
8190.590151,7452.783918,7452.783918,DRK
8047.27575,7451.989538,7451.989538,DRK
8271.310443,7451.634457,7451.634457,DRK
8060.075895,7450.984793,7450.984793,DRK
7747.494785,7448.850352,7448.850352,GNB
7784.615687,7443.764871,7443.764871,PLD
8048.505784,7443.209662,7443.209662,GNB
8028.279154,7440.796115,7440.796115,GNB
7923.498626,7439.670659,7439.670659,GNB
7741.587175,7437.601558,7437.601558,DRK
7907.961362,7437.557507,7437.557507,DRK
8114.799543,7437.194509,7437.194509,DRK
7946.217667,7436.321957,7436.321957,GNB
8119.132437,7435.92206,7435.92206,GNB
7870.410648,7434.40775,7434.40775,GNB
7728.351789,7431.350215,7431.350215,PLD
7938.347302,7431.060058,7431.060058,DRK
8184.054587,7429.706972,7429.706972,GNB
8072.910573,7429.666178,7429.666178,DRK
7931.74757,7427.456828,7427.456828,GNB
7832.42053,7426.64095,7426.64095,DRK
7938.34661,7423.755076,7423.755076,DRK
8105.156263,7422.65276,7422.65276,GNB
8165.998662,7420.905579,7420.905579,GNB
8236.789154,7420.51277,7420.51277,DRK
8205.127874,7420.236291,7420.236291,DRK
7888.205353,7418.279861,7418.279861,PLD
8059.509745,7417.768857,7417.768857,GNB
7811.943066,7417.737683,7417.737683,PLD
8212.308354,7417.687104,7417.687104,GNB
8165.818338,7417.007035,7417.007035,DRK
8272.426918,7412.331626,7412.331626,DRK
8516.958278,7410.656046,7410.656046,DRK
7784.39945,7408.351137,7408.351137,PLD
8052.033311,7406.696929,7406.696929,GNB
8335.531384,7406.667946,7406.667946,DRK
7774.002364,7406.628224,7406.628224,PLD
8035.958664,7406.530924,7406.530924,GNB
7850.164897,7404.911215,7404.911215,PLD
7752.881472,7404.909349,7404.909349,GNB
8455.897717,7404.462304,7404.462304,DRK
7959.682117,7401.975697,7401.975697,DRK
7931.162419,7401.560281,7401.560281,GNB
8188.254651,7400.485073,7400.485073,DRK
8529.003794,7399.833274,7399.833274,DRK
8220.257054,7395.835543,7395.835543,DRK
7962.35309,7394.436357,7394.436357,GNB
7775.689226,7393.91352,7393.91352,PLD
7727.166078,7393.583548,7393.583548,PLD
8204.733864,7393.39224,7393.39224,DRK
7917.359681,7393.156333,7393.156333,GNB
8049.646341,7392.174035,7392.174035,GNB
8254.273726,7390.727367,7390.727367,DRK
8352.31042,7387.890994,7387.890994,DRK
8016.88223,7384.39113,7384.39113,GNB
8144.87637,7384.018473,7384.018473,DRK
8164.46954,7382.837358,7382.837358,DRK
7961.017867,7382.490455,7382.490455,GNB
7792.181547,7382.181509,7382.181509,GNB
8011.060368,7382.022447,7382.022447,GNB
8443.257977,7381.972489,7381.972489,DRK
8341.48425,7381.906143,7381.906143,DRK
8494.98743,7381.456277,7381.456277,DRK
8053.534435,7380.509758,7380.509758,DRK
8099.429362,7380.485838,7380.485838,GNB
7784.884292,7380.413909,7380.413909,PLD
7898.295891,7379.552455,7379.552455,GNB
8354.473016,7378.054112,7378.054112,DRK
7858.318056,7377.816323,7377.816323,GNB
7953.381877,7377.769298,7377.769298,GNB
8045.074091,7376.830104,7376.830104,GNB
7780.284314,7375.653854,7375.653854,GNB
8024.716962,7375.273545,7375.273545,DRK
7889.317938,7374.469412,7374.469412,DRK
8061.906139,7373.657832,7373.657832,DRK
8353.569039,7373.431213,7373.431213,DRK
7894.47825,7373.386385,7373.386385,GNB
7894.937189,7373.189898,7373.189898,GNB
8007.347531,7371.547604,7371.547604,DRK
8271.48141,7370.802254,7370.802254,GNB
8099.625597,7369.679019,7369.679019,DRK
8493.093479,7368.371351,7368.371351,DRK
7494.874807,7368.122453,7368.122453,DRK
8015.003803,7367.692732,7367.692732,GNB
7914.284233,7367.575978,7367.575978,GNB
7728.494288,7367.396553,7367.396553,DRK
7647.464988,7367.205987,7367.205987,PLD
7556.590158,7366.441016,7366.441016,GNB
8018.372868,7366.401679,7366.401679,DRK
8340.636685,7365.256579,7365.256579,DRK
7833.355548,7365.199144,7365.199144,GNB
7607.938929,7364.695563,7364.695563,DRK
8108.964502,7363.198218,7363.198218,DRK
7918.279119,7363.036994,7363.036994,GNB
8099.587522,7361.238975,7361.238975,GNB
7775.80285,7361.172767,7361.172767,PLD
7816.377293,7360.480238,7360.480238,GNB
7905.557189,7360.311665,7360.311665,GNB
8208.168423,7360.156068,7360.156068,DRK
7716.045478,7359.868864,7359.868864,GNB
8224.834102,7359.491552,7359.491552,GNB
8299.247654,7357.561653,7357.561653,DRK
8084.674556,7357.519146,7357.519146,DRK
7998.34777,7357.252671,7357.252671,DRK
7928.470255,7356.649563,7356.649563,GNB
7832.51451,7356.441695,7356.441695,GNB
8195.572909,7356.153114,7356.153114,DRK
7804.659777,7355.867069,7355.867069,DRK
8130.169865,7355.47984,7355.47984,GNB
7896.690677,7355.273411,7355.273411,DRK
7874.773915,7353.533066,7353.533066,GNB
7676.915779,7350.35739,7350.35739,PLD
8143.375212,7349.851741,7349.851741,DRK
8227.885313,7349.718607,7349.718607,DRK
8151.921928,7349.700758,7349.700758,DRK
8037.156517,7349.579706,7349.579706,GNB
7759.702575,7348.524387,7348.524387,PLD
7871.878226,7348.427104,7348.427104,GNB
8193.446093,7348.346038,7348.346038,DRK
8151.737456,7348.094668,7348.094668,GNB
7810.656838,7347.921215,7347.921215,GNB
7586.207072,7347.709977,7347.709977,DRK
7914.818735,7346.60734,7346.60734,GNB
8050.832921,7345.995036,7345.995036,DRK
7890.45214,7344.915624,7344.915624,DRK
8080.654288,7342.34449,7342.34449,GNB
7984.038535,7342.053124,7342.053124,DRK
8180.484074,7341.479317,7341.479317,DRK
7821.828955,7341.319798,7341.319798,GNB
8078.737583,7341.185318,7341.185318,DRK
7693.015335,7340.800548,7340.800548,PLD
7877.958327,7340.707525,7340.707525,GNB
7870.779749,7337.874766,7337.874766,DRK
7659.068212,7337.189453,7337.189453,GNB
8007.527018,7336.589789,7336.589789,WAR
7709.944413,7335.141268,7335.141268,PLD
7633.865482,7334.816517,7334.816517,GNB
7870.187495,7332.538373,7332.538373,PLD
8136.883456,7332.531182,7332.531182,DRK
7954.411423,7331.32012,7331.32012,DRK
8058.284523,7330.844932,7330.844932,DRK
7774.266382,7330.3159,7330.3159,GNB
7821.21863,7330.111125,7330.111125,GNB
7777.000155,7329.08203,7329.08203,GNB
8197.457075,7328.93135,7328.93135,DRK
7589.100732,7328.473176,7328.473176,PLD
8183.592737,7328.042555,7328.042555,DRK
8042.556732,7327.927582,7327.927582,GNB
8065.013826,7327.487069,7327.487069,GNB
7610.506318,7326.127343,7326.127343,PLD
7678.33784,7325.972234,7325.972234,PLD
7697.672063,7325.88276,7325.88276,PLD
8218.602601,7325.699566,7325.699566,DRK
7742.307809,7325.281198,7325.281198,GNB
7773.202769,7324.890822,7324.890822,PLD
8028.662487,7324.871129,7324.871129,DRK
7802.194696,7324.404622,7324.404622,DRK
7836.007943,7324.266816,7324.266816,DRK
8019.642362,7323.295774,7323.295774,WAR
7788.910445,7323.085477,7323.085477,GNB
7727.489675,7322.987096,7322.987096,GNB
8014.81747,7322.923407,7322.923407,PLD
7727.885046,7322.400326,7322.400326,DRK
7679.559094,7321.628681,7321.628681,PLD
7834.6582,7321.049088,7321.049088,DRK
8022.885169,7320.795239,7320.795239,GNB
7758.019479,7320.736707,7320.736707,DRK
7893.154341,7320.304418,7320.304418,DRK
7858.397458,7320.233103,7320.233103,DRK
7826.9257,7318.567037,7318.567037,DRK
7787.009371,7318.492975,7318.492975,PLD
8064.30166,7317.636687,7317.636687,DRK
8391.592698,7316.529398,7316.529398,DRK
7858.015824,7316.080851,7316.080851,DRK
8173.262441,7315.484464,7315.484464,DRK
7852.777642,7315.347933,7315.347933,DRK
7842.308313,7314.047008,7314.047008,GNB
8058.642869,7313.527442,7313.527442,GNB
7829.848428,7312.753223,7312.753223,GNB
7604.537722,7312.61999,7312.61999,GNB
7932.929277,7312.366044,7312.366044,GNB
7869.918798,7310.704714,7310.704714,GNB
7730.328282,7309.761988,7309.761988,PLD
7955.44831,7308.227422,7308.227422,GNB
7684.721469,7305.622795,7305.622795,PLD
7631.083161,7305.496889,7305.496889,GNB
7592.897554,7304.081913,7304.081913,PLD
8096.54375,7303.354891,7303.354891,GNB
7951.700208,7303.09999,7303.09999,GNB
7681.729683,7302.93225,7302.93225,PLD
7696.596673,7302.760181,7302.760181,PLD
7836.409892,7300.897017,7300.897017,PLD
7979.87825,7299.933141,7299.933141,WAR
7619.715362,7291.218761,7291.218761,PLD
7822.282264,7291.126849,7291.126849,PLD
7617.100248,7285.767251,7285.767251,PLD
7697.603043,7285.74009,7285.74009,PLD
7584.749333,7283.49331,7283.49331,PLD
7761.336299,7278.998723,7278.998723,PLD
7948.976851,7277.451539,7277.451539,WAR
7484.304162,7266.400841,7266.400841,PLD
7537.29248,7265.916992,7265.916992,PLD
7616.376748,7263.255697,7263.255697,PLD
7567.437499,7262.333397,7262.333397,PLD
7884.260825,7261.081597,7261.081597,PLD
7744.727887,7258.391382,7258.391382,PLD
7477.326582,7255.787143,7255.787143,PLD
7739.934846,7255.589237,7255.589237,PLD
7749.019198,7253.959444,7253.959444,WAR
7556.758581,7253.260372,7253.260372,PLD
7582.532043,7252.697888,7252.697888,PLD
7706.312851,7251.615979,7251.615979,PLD
7645.001181,7247.791067,7247.791067,PLD
7822.315983,7246.191158,7246.191158,PLD
7568.749306,7242.104485,7242.104485,PLD
7672.655343,7241.854022,7241.854022,PLD
7653.127181,7239.540715,7239.540715,PLD
7588.412571,7237.593988,7237.593988,WAR
7448.215969,7234.766073,7234.766073,PLD
7513.141074,7234.716815,7234.716815,PLD
7444.838789,7230.226832,7230.226832,PLD
7930.90105,7228.016715,7228.016715,WAR
7705.334715,7227.694031,7227.694031,PLD
7657.857465,7226.362658,7226.362658,WAR
7824.990462,7225.522379,7225.522379,PLD
7548.654422,7223.60134,7223.60134,PLD
7863.25527,7222.736274,7222.736274,WAR
7612.957001,7220.175316,7220.175316,WAR
7700.073194,7218.808129,7218.808129,PLD
7491.257583,7218.406168,7218.406168,WAR
7507.803113,7218.135858,7218.135858,PLD
7463.714876,7217.99027,7217.99027,PLD
7589.732908,7213.205853,7213.205853,PLD
7702.448757,7212.20059,7212.20059,PLD
7582.588185,7211.461991,7211.461991,PLD
7463.811275,7210.692377,7210.692377,PLD
7637.939722,7210.184283,7210.184283,PLD
7390.311141,7206.253637,7206.253637,PLD
7650.748346,7202.456806,7202.456806,PLD
7665.619816,7200.662256,7200.662256,WAR
7400.798166,7200.037272,7200.037272,PLD
7532.886626,7198.85946,7198.85946,PLD
7672.08875,7198.446157,7198.446157,WAR
7618.538788,7198.268828,7198.268828,WAR
7710.634034,7195.164465,7195.164465,WAR
7499.194206,7195.076844,7195.076844,PLD
7524.261796,7193.675538,7193.675538,PLD
7472.119643,7190.993167,7190.993167,PLD
7806.751197,7188.407543,7188.407543,PLD
7245.485268,7187.782452,7187.782452,PLD
7557.411411,7187.062292,7187.062292,PLD
7378.187931,7187.036096,7187.036096,PLD
7477.326221,7185.717917,7185.717917,PLD
7513.212545,7185.363245,7185.363245,PLD
7612.96105,7183.688158,7183.688158,WAR
7421.71179,7183.060309,7183.060309,PLD
7552.847631,7181.466575,7181.466575,PLD
7726.919456,7181.26676,7181.26676,PLD
7559.513726,7180.238127,7180.238127,WAR
7752.725726,7177.751952,7177.751952,PLD
7536.839604,7177.686104,7177.686104,PLD
7541.626656,7176.764275,7176.764275,PLD
7498.135826,7175.739752,7175.739752,PLD
7564.959117,7174.177609,7174.177609,PLD
7564.801997,7172.03808,7172.03808,PLD
7507.863856,7171.42231,7171.42231,PLD
7382.601826,7170.838341,7170.838341,PLD
7393.203613,7170.311589,7170.311589,PLD
7481.277048,7169.524997,7169.524997,PLD
7549.359697,7168.359466,7168.359466,PLD
7376.050261,7168.211767,7168.211767,PLD
7555.02786,7168.012964,7168.012964,PLD
7571.328266,7163.700347,7163.700347,WAR
7657.951024,7162.725087,7162.725087,WAR
7526.971018,7162.495779,7162.495779,WAR
7590.69838,7156.307633,7156.307633,WAR
7626.812866,7152.429955,7152.429955,WAR
7518.606231,7145.159467,7145.159467,WAR
7355.439995,7139.70573,7139.70573,WAR
7819.875149,7138.905745,7138.905745,WAR
7823.769526,7137.378828,7137.378828,WAR
7439.729186,7127.957419,7127.957419,WAR
7543.13298,7121.209899,7121.209899,WAR
7478.057284,7116.825537,7116.825537,WAR
7437.58579,7116.737147,7116.737147,WAR
7716.45694,7114.994027,7114.994027,WAR
7383.711605,7113.222951,7113.222951,WAR
7541.363397,7112.933322,7112.933322,WAR
7495.930398,7099.877589,7099.877589,WAR
7835.546006,7099.171585,7099.171585,WAR
7612.305968,7097.847841,7097.847841,WAR
7474.886736,7097.241347,7097.241347,WAR
7598.694723,7095.370117,7095.370117,WAR
7288.625033,7095.017187,7095.017187,WAR
7697.840106,7093.32098,7093.32098,WAR
7607.241478,7088.632678,7088.632678,WAR
7433.650644,7088.52487,7088.52487,WAR
7558.458011,7086.20558,7086.20558,WAR
7589.079771,7085.461207,7085.461207,WAR
7496.417567,7083.658202,7083.658202,WAR
7795.650641,7079.37149,7079.37149,WAR
7632.009179,7079.180404,7079.180404,WAR
7455.748939,7077.699478,7077.699478,WAR
7589.552165,7075.751944,7075.751944,WAR
7421.293728,7074.734338,7074.734338,WAR
7632.697659,7073.964604,7073.964604,WAR
7739.25314,7073.168563,7073.168563,WAR
7222.279104,7071.639626,7071.639626,WAR
7379.630405,7069.411766,7069.411766,WAR
7550.680059,7069.099422,7069.099422,WAR
7532.998941,7068.650618,7068.650618,WAR
7429.69138,7068.252082,7068.252082,WAR
7481.142994,7065.510851,7065.510851,WAR
7436.958902,7065.195666,7065.195666,WAR
7831.674063,7064.77833,7064.77833,WAR
7527.330859,7063.187292,7063.187292,WAR
7671.615783,7062.509242,7062.509242,WAR
7547.310172,7060.63392,7060.63392,WAR
7363.478947,7059.8783,7059.8783,WAR
7333.459389,7059.566304,7059.566304,WAR
7374.416875,7059.484938,7059.484938,WAR
7577.565172,7059.359045,7059.359045,WAR
7257.805713,7055.383395,7055.383395,WAR
7373.555627,7053.252075,7053.252075,WAR
7681.597636,7053.237455,7053.237455,WAR
7551.721726,7050.298943,7050.298943,WAR
7623.224515,7042.943314,7042.943314,WAR
7488.439022,7041.985272,7041.985272,WAR
7577.651286,7041.086274,7041.086274,WAR
7561.085769,7040.99999,7040.99999,WAR
7347.743164,7039.769054,7039.769054,WAR
7759.149463,7038.8993,7038.8993,WAR
7801.111729,7037.273422,7037.273422,WAR
7328.904404,7036.621299,7036.621299,WAR
7603.501458,7033.567529,7033.567529,WAR
7540.034396,7033.225839,7033.225839,WAR
7492.077393,7032.000048,7032.000048,WAR
7388.241349,7030.542067,7030.542067,WAR
7187.307199,7028.213205,7028.213205,WAR
7394.300769,7027.513158,7027.513158,WAR
7485.114692,7025.015567,7025.015567,WAR
7684.206066,7024.945868,7024.945868,WAR
7536.290086,7024.240414,7024.240414,WAR
7602.043915,7023.848618,7023.848618,WAR
7610.849248,7023.620588,7023.620588,WAR
7490.999649,7022.756263,7022.756263,WAR
7820.127828,7022.514136,7022.514136,WAR
7317.420213,7021.886064,7021.886064,WAR
7488.839715,7021.641212,7021.641212,WAR
7394.089414,7020.890998,7020.890998,WAR
7497.582518,7020.298957,7020.298957,WAR
7899.294058,7017.522575,7017.522575,WAR
7322.827136,7016.834606,7016.834606,WAR
7389.266956,7016.826403,7016.826403,WAR
7545.205788,7016.524043,7016.524043,WAR
8378.324761,7628.486065,7628.486065,DRK
7993.884227,7627.018033,7627.018033,DRK
7942.656123,7624.10158,7624.10158,DRK
8426.21744,7611.089759,7611.089759,DRK
8525.673829,7604.916149,7604.916149,DRK
7947.418685,7590.161766,7590.161766,GNB
8022.949981,7586.270301,7586.270301,DRK
8372.16482,7547.650527,7547.650527,GNB
8742.461409,7542.103888,7542.103888,DRK
7814.081122,7537.562391,7537.562391,PLD
8287.437799,7537.100059,7537.100059,DRK
8262.528275,7521.520841,7521.520841,DRK
8165.472736,7513.030173,7513.030173,DRK
7969.935094,7509.422413,7509.422413,DRK
8278.49812,7499.838195,7499.838195,DRK
7836.016304,7498.702262,7498.702262,DRK
7918.542486,7497.380799,7497.380799,DRK
7995.187291,7485.634333,7485.634333,DRK
8626.29398,7472.79065,7472.79065,DRK
7941.639589,7472.089105,7472.089105,DRK
8512.997055,7471.675311,7471.675311,DRK
8420.073205,7470.749529,7470.749529,DRK
7778.107572,7466.585284,7466.585284,DRK
8054.47938,7465.431976,7465.431976,DRK
7935.877717,7459.936219,7459.936219,GNB
8241.242795,7458.300067,7458.300067,DRK
8021.089593,7452.192215,7452.192215,DRK
7936.514266,7450.960244,7450.960244,DRK
7991.57948,7448.390864,7448.390864,GNB
8170.297582,7447.679656,7447.679656,DRK
8099.289674,7447.1108,7447.1108,DRK
8192.054701,7443.747924,7443.747924,DRK
7688.792039,7443.322069,7443.322069,PLD
8025.701189,7442.183159,7442.183159,DRK
8272.005855,7441.090397,7441.090397,DRK
8098.991657,7440.794718,7440.794718,DRK
7825.622964,7438.223729,7438.223729,DRK
7743.736798,7436.529248,7436.529248,DRK
7604.542931,7435.960312,7435.960312,DRK
7954.728304,7435.943495,7435.943495,DRK
7889.291446,7435.271235,7435.271235,DRK
7962.683987,7429.048197,7429.048197,DRK
7923.520639,7426.907633,7426.907633,DRK
8026.313833,7426.818023,7426.818023,DRK
8042.218762,7426.810504,7426.810504,DRK
7984.364985,7426.126193,7426.126193,DRK
7821.006646,7423.336025,7423.336025,DRK
7965.55106,7422.539426,7422.539426,DRK
7874.660052,7421.965198,7421.965198,DRK
7963.142223,7421.455279,7421.455279,DRK
7711.766299,7419.964681,7419.964681,DRK
7909.179161,7415.903475,7415.903475,DRK
8332.700502,7413.354171,7413.354171,DRK
7975.288004,7413.335923,7413.335923,DRK
7830.849104,7411.570685,7411.570685,DRK
7495.778921,7409.261263,7409.261263,DRK
7899.9218,7407.77887,7407.77887,DRK
8077.087349,7406.547893,7406.547893,DRK
7925.660771,7403.019636,7403.019636,DRK
7621.618639,7400.656683,7400.656683,PLD
7932.582406,7400.423323,7400.423323,DRK
7961.031056,7400.197703,7400.197703,DRK
7867.627853,7400.117643,7400.117643,GNB
8184.07691,7398.019646,7398.019646,DRK
7772.542012,7393.821656,7393.821656,WAR
8287.909518,7392.441735,7392.441735,DRK
8011.0093,7387.994769,7387.994769,GNB
7835.524502,7387.831678,7387.831678,DRK
7633.608555,7385.681031,7385.681031,GNB
8178.145267,7384.619396,7384.619396,DRK
8155.933726,7383.870574,7383.870574,DRK
8104.099754,7379.951204,7379.951204,DRK
7674.36679,7379.095427,7379.095427,WAR
8168.466068,7378.735817,7378.735817,DRK
7818.765163,7376.136834,7376.136834,GNB
8029.952961,7376.116031,7376.116031,DRK
8037.281978,7376.109409,7376.109409,DRK
8680.180707,7374.782452,7374.782452,DRK
8163.085406,7372.77962,7372.77962,DRK
8174.243979,7371.987049,7371.987049,DRK
8039.080187,7370.729852,7370.729852,GNB
7839.178721,7368.374389,7368.374389,DRK
8175.61857,7368.2959,7368.2959,DRK
8061.129045,7366.219074,7366.219074,DRK
7768.895245,7365.177311,7365.177311,GNB
7845.133218,7362.076231,7362.076231,WAR
8008.653996,7362.066609,7362.066609,DRK
8204.836928,7361.407169,7361.407169,DRK
7920.863066,7361.224323,7361.224323,GNB
8247.292276,7360.638585,7360.638585,DRK
7916.744502,7358.277781,7358.277781,DRK
8189.42859,7356.496199,7356.496199,DRK
7682.121293,7353.33167,7353.33167,GNB
7899.108372,7353.319976,7353.319976,DRK
8039.378984,7352.827146,7352.827146,DRK
8114.042557,7352.345568,7352.345568,DRK
8176.700774,7350.848227,7350.848227,DRK
8060.575013,7350.225202,7350.225202,DRK
7620.097001,7349.462166,7349.462166,GNB
7929.308268,7347.394412,7347.394412,DRK
7706.463695,7346.953972,7346.953972,DRK
7736.584855,7346.64644,7346.64644,DRK
7730.548914,7346.202277,7346.202277,DRK
7986.494506,7344.152473,7344.152473,WAR
7888.105926,7343.813719,7343.813719,DRK
7701.465849,7339.294448,7339.294448,DRK
7796.991004,7337.880709,7337.880709,DRK
7935.917231,7337.57462,7337.57462,DRK
7981.354416,7336.747087,7336.747087,DRK
8132.062953,7336.156037,7336.156037,DRK
7939.069699,7336.066029,7336.066029,DRK
8269.919103,7335.944235,7335.944235,GNB
8037.841777,7335.570448,7335.570448,GNB
7599.824054,7335.484591,7335.484591,DRK
7681.36977,7334.807471,7334.807471,DRK
8033.38953,7334.44711,7334.44711,DRK
7847.847273,7334.259434,7334.259434,DRK
7835.803022,7334.11637,7334.11637,DRK
7769.512055,7333.864396,7333.864396,GNB
8046.942327,7333.753537,7333.753537,GNB
7841.600069,7333.613817,7333.613817,DRK
7723.357694,7332.731634,7332.731634,GNB
7983.502499,7332.271089,7332.271089,GNB
7663.822765,7332.19929,7332.19929,PLD
7802.472365,7331.733723,7331.733723,GNB
8074.242059,7326.52783,7326.52783,DRK
7719.251576,7325.888505,7325.888505,GNB
7904.361546,7325.853516,7325.853516,DRK
7912.564549,7325.75691,7325.75691,DRK
7949.287932,7323.767162,7323.767162,GNB
7582.102656,7322.621547,7322.621547,PLD
7702.474136,7320.165247,7320.165247,GNB
7641.395689,7319.518221,7319.518221,GNB
7919.325451,7318.623658,7318.623658,GNB
7584.41147,7314.446892,7314.446892,GNB
7934.709771,7314.183208,7314.183208,GNB
7881.786519,7313.175562,7313.175562,GNB
7795.512409,7310.867121,7310.867121,GNB
7803.91531,7310.414307,7310.414307,GNB
7977.088926,7310.064941,7310.064941,GNB
7867.53785,7301.785099,7301.785099,WAR
7814.938003,7300.082193,7300.082193,WAR
7749.43517,7300.065,7300.065,PLD
7726.715689,7298.712304,7298.712304,WAR
7555.33458,7297.36177,7297.36177,WAR
7700.655068,7296.240833,7296.240833,GNB
7646.287909,7295.272304,7295.272304,GNB
7807.815317,7295.263335,7295.263335,GNB
7992.866728,7290.335058,7290.335058,GNB
7743.416632,7290.03819,7290.03819,GNB
7676.519558,7289.855732,7289.855732,PLD
7869.781945,7286.992014,7286.992014,GNB
7755.077872,7286.740399,7286.740399,GNB
7588.340197,7285.654982,7285.654982,GNB
7838.189228,7285.304974,7285.304974,GNB
7741.803371,7285.229759,7285.229759,GNB
7655.966907,7284.870596,7284.870596,GNB
7578.374036,7283.560358,7283.560358,GNB
7933.551462,7279.923233,7279.923233,GNB
7665.610992,7277.218895,7277.218895,WAR
7736.115486,7276.512524,7276.512524,GNB
7553.03713,7276.421355,7276.421355,PLD
7978.306799,7276.215406,7276.215406,GNB
7778.695683,7274.014661,7274.014661,GNB
7547.65546,7266.742226,7266.742226,GNB
7655.899367,7266.415448,7266.415448,PLD
7631.21391,7264.984578,7264.984578,GNB
7574.630768,7264.342657,7264.342657,PLD
7865.031887,7263.999469,7263.999469,GNB
7597.814721,7263.195298,7263.195298,GNB
7490.910813,7260.601533,7260.601533,PLD
7855.504355,7259.596861,7259.596861,GNB
7785.664422,7259.245397,7259.245397,GNB
7793.453786,7258.503696,7258.503696,GNB
7758.838133,7257.811016,7257.811016,PLD
7918.839903,7256.69173,7256.69173,GNB
7879.889366,7255.705277,7255.705277,GNB
7751.169643,7253.345172,7253.345172,GNB
7713.782362,7252.517894,7252.517894,GNB
7842.591443,7251.788845,7251.788845,GNB
7643.106943,7250.085755,7250.085755,GNB
7517.118384,7246.248911,7246.248911,GNB
7774.287824,7246.167006,7246.167006,PLD
7549.02971,7245.766649,7245.766649,GNB
7759.009116,7244.326982,7244.326982,GNB
7809.491449,7242.333207,7242.333207,GNB
8014.19776,7238.744192,7238.744192,GNB
7709.91451,7238.033448,7238.033448,GNB
7432.348355,7236.258937,7236.258937,WAR
7893.766994,7234.327967,7234.327967,WAR
7736.905535,7234.289712,7234.289712,WAR
7562.774628,7233.580069,7233.580069,GNB
7652.960203,7231.262287,7231.262287,GNB
7843.138559,7231.081164,7231.081164,GNB
7611.99607,7230.03275,7230.03275,GNB
7752.567813,7229.628031,7229.628031,GNB
7368.097648,7229.069921,7229.069921,PLD
7801.440029,7226.953913,7226.953913,GNB
7827.484482,7225.197623,7225.197623,GNB
7753.898776,7225.10022,7225.10022,GNB
7577.962828,7224.417446,7224.417446,GNB
7905.318101,7223.720861,7223.720861,GNB
7726.436582,7223.71053,7223.71053,GNB
7591.989119,7223.633311,7223.633311,GNB
7836.695632,7223.287968,7223.287968,GNB
7435.408977,7222.542241,7222.542241,PLD
7849.597168,7221.578469,7221.578469,GNB
7732.796469,7221.535141,7221.535141,GNB
7619.209991,7221.238643,7221.238643,GNB
7597.671653,7221.03835,7221.03835,WAR
7608.166157,7220.972345,7220.972345,GNB
7608.987682,7220.959058,7220.959058,PLD
7540.441975,7220.129842,7220.129842,GNB
7722.998124,7218.439167,7218.439167,GNB
7755.636344,7218.023242,7218.023242,GNB
7729.888054,7217.761176,7217.761176,WAR
7715.073641,7217.62705,7217.62705,GNB
7810.681406,7217.149891,7217.149891,GNB
7608.136346,7217.111377,7217.111377,GNB
7519.171191,7217.063524,7217.063524,PLD
8207.791653,7215.951154,7215.951154,GNB
7714.929257,7215.308412,7215.308412,WAR
7849.130096,7215.09912,7215.09912,WAR
7602.349828,7213.57113,7213.57113,WAR
7667.387354,7213.315814,7213.315814,WAR
7480.259624,7212.282218,7212.282218,GNB
7577.668766,7211.288127,7211.288127,GNB
7503.584526,7211.216844,7211.216844,PLD
7593.608917,7211.12844,7211.12844,GNB
7793.106699,7210.639406,7210.639406,GNB
7612.428955,7210.048928,7210.048928,GNB
7375.479833,7209.508596,7209.508596,GNB
7680.259383,7206.758487,7206.758487,PLD
7331.780718,7206.519201,7206.519201,PLD
7691.634841,7206.123028,7206.123028,GNB
7728.470018,7205.816887,7205.816887,GNB
7341.521739,7205.788669,7205.788669,PLD
7802.646173,7205.436792,7205.436792,GNB
7934.097783,7205.288954,7205.288954,GNB
7521.171941,7204.980066,7204.980066,PLD
7593.367478,7202.386982,7202.386982,PLD
7429.858766,7201.274065,7201.274065,PLD
7665.125814,7201.183278,7201.183278,WAR
7361.193396,7199.072494,7199.072494,WAR
7483.375547,7198.81649,7198.81649,WAR
7869.076181,7198.185026,7198.185026,WAR
7462.387756,7189.275158,7189.275158,WAR
7497.422168,7188.943949,7188.943949,PLD
7460.812277,7187.839813,7187.839813,PLD
7474.965055,7185.457381,7185.457381,WAR
7670.164999,7185.20778,7185.20778,PLD
7688.342946,7180.69385,7180.69385,WAR
7471.248064,7176.193554,7176.193554,WAR
7440.070127,7173.44328,7173.44328,PLD
7576.604331,7173.354211,7173.354211,WAR
7464.292833,7173.234549,7173.234549,PLD
7562.350154,7173.082873,7173.082873,PLD
7631.705514,7171.445907,7171.445907,PLD
7771.775312,7165.739273,7165.739273,WAR
7492.922795,7164.926602,7164.926602,PLD
7428.760555,7163.264709,7163.264709,WAR
7666.914111,7159.347096,7159.347096,WAR
7753.132285,7158.142779,7158.142779,WAR
7563.532179,7158.070567,7158.070567,WAR
7416.432679,7157.10555,7157.10555,PLD
7766.180075,7155.270442,7155.270442,WAR
7308.072443,7151.273598,7151.273598,PLD
7482.223591,7148.335018,7148.335018,PLD
7707.887523,7146.790394,7146.790394,WAR
7445.602991,7145.939728,7145.939728,WAR
7552.2871,7145.209506,7145.209506,WAR
7543.494234,7143.664327,7143.664327,PLD
7684.37481,7141.625765,7141.625765,WAR
7453.011169,7138.920166,7138.920166,WAR
7568.45897,7138.367723,7138.367723,WAR
7603.493047,7135.927564,7135.927564,WAR
7421.653832,7135.629831,7135.629831,PLD
7678.1151,7135.285838,7135.285838,WAR
7374.752021,7133.191554,7133.191554,PLD
7413.855881,7131.841755,7131.841755,PLD
7533.826482,7131.423103,7131.423103,WAR
7478.691216,7130.37274,7130.37274,PLD
7525.888086,7130.180511,7130.180511,WAR
7487.704011,7130.152162,7130.152162,WAR
7591.227935,7128.449481,7128.449481,WAR
7538.642848,7126.702788,7126.702788,PLD
7525.303428,7126.258414,7126.258414,WAR
7454.361921,7125.92977,7125.92977,PLD
7663.105152,7124.43697,7124.43697,PLD
7587.180919,7124.434888,7124.434888,PLD
7590.593518,7123.804215,7123.804215,PLD
7557.875171,7120.661032,7120.661032,WAR
7415.770454,7118.951279,7118.951279,PLD
7431.796597,7118.094215,7118.094215,PLD
7496.815103,7114.873594,7114.873594,PLD
7426.716146,7114.660784,7114.660784,WAR
7552.736215,7114.106015,7114.106015,PLD
7476.876884,7110.870518,7110.870518,PLD
7568.315583,7110.465184,7110.465184,PLD
7576.341101,7109.541082,7109.541082,PLD
7448.591597,7107.381202,7107.381202,WAR
7508.812835,7105.632727,7105.632727,PLD
7716.052918,7103.598191,7103.598191,WAR
7677.24572,7103.206233,7103.206233,WAR
7427.821471,7102.556754,7102.556754,WAR
7400.273899,7100.065386,7100.065386,PLD
7682.65632,7099.797789,7099.797789,WAR
7486.336426,7099.591622,7099.591622,PLD
7492.753967,7096.893948,7096.893948,PLD
7165.067724,7096.523859,7096.523859,PLD
7306.025333,7096.329512,7096.329512,PLD
7609.306236,7096.051114,7096.051114,WAR
7461.067639,7095.196526,7095.196526,WAR
7612.58279,7094.482319,7094.482319,WAR
7686.7326,7094.307391,7094.307391,WAR
7393.806917,7093.752216,7093.752216,PLD
7495.124836,7093.215647,7093.215647,WAR
7809.197113,7091.776773,7091.776773,WAR
7390.575926,7091.011215,7091.011215,WAR
7692.360369,7090.982591,7090.982591,WAR
7333.736975,7090.422248,7090.422248,PLD
7487.807308,7089.479049,7089.479049,PLD
7601.506821,7089.09985,7089.09985,WAR
7497.563347,7088.34368,7088.34368,WAR
7414.055188,7087.605146,7087.605146,PLD
7587.407185,7087.545231,7087.545231,PLD
7476.674982,7087.325372,7087.325372,WAR
7459.644383,7083.782931,7083.782931,WAR
7341.339429,7079.436426,7079.436426,PLD
7420.12908,7078.964177,7078.964177,WAR
7579.989683,7078.83181,7078.83181,WAR
7353.672336,7078.640288,7078.640288,WAR
7752.916259,7077.550907,7077.550907,WAR
7471.209505,7073.860227,7073.860227,WAR
7557.654891,7073.015957,7073.015957,WAR
7375.799159,7072.65181,7072.65181,PLD
7598.236812,7072.029845,7072.029845,PLD
7669.508227,7070.22964,7070.22964,WAR
7658.926167,7070.188523,7070.188523,WAR
7199.82629,7069.410115,7069.410115,PLD
7423.506551,7069.115643,7069.115643,WAR
7346.201021,7068.687842,7068.687842,PLD
7319.005688,7068.307503,7068.307503,WAR
7460.194752,7066.199307,7066.199307,WAR
7539.894697,7066.131101,7066.131101,PLD
7333.126611,7065.193409,7065.193409,PLD
7696.148769,7065.029346,7065.029346,WAR
7371.948283,7063.897414,7063.897414,WAR
7444.302114,7063.57215,7063.57215,PLD
7427.763452,7063.043911,7063.043911,PLD
7266.593166,7062.153361,7062.153361,PLD
7372.263976,7061.819541,7061.819541,WAR
7444.614409,7061.542187,7061.542187,PLD
7454.799277,7060.043337,7060.043337,WAR
7276.905273,7059.909826,7059.909826,PLD
7499.675841,7059.787323,7059.787323,PLD
7268.515479,7058.617332,7058.617332,PLD
7359.3977,7058.321356,7058.321356,PLD
7751.120313,7057.766132,7057.766132,WAR
7549.479205,7057.230169,7057.230169,WAR
7327.726549,7056.666709,7056.666709,WAR
7391.398463,7055.755972,7055.755972,WAR
7511.461113,7054.177602,7054.177602,PLD
7526.135762,7053.988351,7053.988351,WAR
7651.201525,7053.975797,7053.975797,WAR
7309.317182,7053.018855,7053.018855,WAR
7240.17999,7052.962682,7052.962682,PLD
7542.280824,7052.22698,7052.22698,WAR
7475.249609,7051.759184,7051.759184,WAR
7356.833878,7051.601327,7051.601327,PLD
7568.467967,7051.26049,7051.26049,PLD
7361.544016,7050.675111,7050.675111,PLD
7559.950617,7050.657515,7050.657515,WAR
7361.742743,7049.484306,7049.484306,WAR
7447.632311,7049.265236,7049.265236,PLD
7309.746306,7049.133823,7049.133823,WAR
7469.9994,7047.594938,7047.594938,WAR
7345.364471,7047.092079,7047.092079,WAR
7594.161014,7046.790801,7046.790801,WAR
7332.078414,7046.547946,7046.547946,WAR
7195.668193,7046.467464,7046.467464,PLD
7553.45414,7046.361139,7046.361139,PLD
7304.79532,7046.356209,7046.356209,PLD
7087.775266,7045.743537,7045.743537,PLD
7384.282471,7045.714609,7045.714609,PLD
7414.871632,7045.511494,7045.511494,WAR
7373.127908,7045.213611,7045.213611,PLD
7305.271197,7044.289117,7044.289117,PLD
7234.058446,7043.765061,7043.765061,PLD
7491.552164,7043.730392,7043.730392,WAR
7484.590265,7043.394047,7043.394047,PLD
7383.169542,7042.943962,7042.943962,PLD
7569.834267,7042.339021,7042.339021,WAR
7303.435372,7042.120215,7042.120215,PLD
7387.750001,7040.341026,7040.341026,WAR
7180.236581,7037.670385,7037.670385,PLD
7700.946864,7037.109593,7037.109593,PLD
7420.565778,7035.01311,7035.01311,PLD
7410.554391,7032.729021,7032.729021,PLD
7304.995545,7031.659866,7031.659866,PLD
